train|MSE;epoch
0.057981789112091064;0
0.007156509906053543;0
0.006886924151331186;0
0.24820218980312347;0
0.04835423827171326;0
0.10647907853126526;0
0.037920963019132614;0
0.13135676085948944;0
0.1114761084318161;0
0.03572363406419754;0
0.15038767457008362;0
0.07478296756744385;0
0.06647607684135437;0
0.03973338007926941;0
0.15091311931610107;0
0.12421883642673492;1
0.008984673768281937;1
0.011632740497589111;1
0.00663654925301671;1
0.005692555569112301;1
0.01626729778945446;1
0.10366480052471161;1
0.05810794234275818;1
0.08491647988557816;1
0.0848267450928688;1
0.02826681360602379;1
0.040493737906217575;1
0.08972861617803574;1
0.03125959634780884;1
0.039460763335227966;1
0.004810616374015808;2
0.009779789485037327;2
0.01877807080745697;2
0.078152596950531;2
0.08349329978227615;2
0.012867875397205353;2
0.09127147495746613;2
0.0027532491367310286;2
0.027734950184822083;2
0.07836690545082092;2
0.04274238646030426;2
0.04140011593699455;2
0.08217978477478027;2
0.07683189958333969;2
0.02241607755422592;2
0.1243150383234024;3
0.04569672420620918;3
0.008732588961720467;3
0.001766020548529923;3
0.06617148965597153;3
0.004803109914064407;3
0.06475704908370972;3
0.07285455614328384;3
0.037821654230356216;3
0.09747181832790375;3
0.030445978045463562;3
0.025369655340909958;3
0.018118727952241898;3
0.05042930319905281;3
0.0213566105812788;3
0.06610772758722305;3
0.006955259945243597;4
0.005987928714603186;4
0.05108782649040222;4
0.004029416013509035;4
0.00490049971267581;4
0.0017507218290120363;4
0.01755068637430668;4
0.021349653601646423;4
0.035091061145067215;4
0.022308317944407463;4
0.02336297370493412;4
0.05682701617479324;4
0.023139121010899544;4
0.03046514466404915;4
0.06069541722536087;4
0.004810652695596218;5
0.001502828556112945;5
0.0011603916063904762;5
0.006586058065295219;5
0.007653036154806614;5
0.04498559609055519;5
0.00408945931121707;5
0.050151269882917404;5
0.03131793811917305;5
0.07460480183362961;5
0.03659830614924431;5
0.050925225019454956;5
0.05947745963931084;5
0.034409500658512115;5
0.03914914280176163;5
0.002762430813163519;6
0.006942664738744497;6
0.043017081916332245;6
0.08439487218856812;6
0.0022941252682358027;6
0.03629179298877716;6
0.03153583034873009;6
0.0015205158852040768;6
0.052688755095005035;6
0.013308939523994923;6
0.01483190804719925;6
0.04398614913225174;6
0.010473830625414848;6
0.021115604788064957;6
0.0347246378660202;6
0.019431469962000847;6
0.00557709252461791;7
0.0326041653752327;7
0.046911194920539856;7
0.003353968495503068;7
0.005357443355023861;7
0.005590340588241816;7
0.009726399555802345;7
0.02777576632797718;7
0.01585174910724163;7
0.06519028544425964;7
0.0437033474445343;7
0.016779817640781403;7
0.07235969603061676;7
0.01378684863448143;7
0.019927553832530975;7
0.013404659926891327;8
0.0470685213804245;8
0.001780285849235952;8
0.005837350618094206;8
0.0038507096469402313;8
0.0021851062774658203;8
0.02737007662653923;8
0.028934579342603683;8
0.02290148288011551;8
0.05357734486460686;8
0.04773062467575073;8
0.04640614613890648;8
0.013169096782803535;8
0.048114851117134094;8
0.03016318380832672;8
0.006505483761429787;9
0.02706320211291313;9
0.002910397946834564;9
0.024423277005553246;9
0.028138142079114914;9
0.00465960381552577;9
0.005382046103477478;9
0.045162543654441833;9
0.04922062158584595;9
0.03266334533691406;9
0.04577161371707916;9
0.07746675610542297;9
0.03619188070297241;9
0.023345893248915672;9
0.00721697136759758;9
0.0032489595469087362;9
0.026630688458681107;10
0.0025493695866316557;10
0.0030231773853302;10
0.06385105848312378;10
0.02724204957485199;10
0.0031179371289908886;10
0.024894125759601593;10
0.03213999420404434;10
0.03133145347237587;10
0.029378313571214676;10
0.030976995825767517;10
0.056058481335639954;10
0.05447511374950409;10
0.00978656206279993;10
0.025075946003198624;10
0.030206330120563507;11
0.002116273855790496;11
0.0062525924295187;11
0.0021381820552051067;11
0.001599297858774662;11
0.01076035387814045;11
0.03163980692625046;11
0.03525415435433388;11
0.03351099044084549;11
0.04114105552434921;11
0.029573138803243637;11
0.038867589086294174;11
0.05144987255334854;11
0.015076928772032261;11
0.03001156449317932;11
0.0025560674257576466;12
0.0023794143926352262;12
0.01722855120897293;12
0.026696041226387024;12
0.022493429481983185;12
0.013984233140945435;12
0.02641855739057064;12
0.0030538239516317844;12
0.012301950715482235;12
0.04401785880327225;12
0.03343820199370384;12
0.03236192464828491;12
0.05130627378821373;12
0.06553640961647034;12
0.021202776581048965;12
0.0313911959528923;13
0.030247259885072708;13
0.002075282158330083;13
0.0025882809422910213;13
0.07435832172632217;13
0.005338877439498901;13
0.049379099160432816;13
0.04870182275772095;13
0.03632634878158569;13
0.055980294942855835;13
0.024365579709410667;13
0.020618274807929993;13
0.022683102637529373;13
0.036214493215084076;13
0.022275779396295547;13
0.03845095634460449;13
0.005475323647260666;14
0.003010276472195983;14
0.026919260621070862;14
0.0036538420245051384;14
0.003554338589310646;14
0.0020773832220584154;14
0.02105633169412613;14
0.01771039143204689;14
0.036525823175907135;14
0.026135221123695374;14
0.024887073785066605;14
0.04014416038990021;14
0.022145962342619896;14
0.03106090798974037;14
0.05602607876062393;14
0.0017630925867706537;15
0.002424373524263501;15
0.0031870496459305286;15
0.0027071647346019745;15
0.0076516494154930115;15
0.03866218402981758;15
0.004507489036768675;15
0.052211545407772064;15
0.022854706272482872;15
0.04953674226999283;15
0.030877694487571716;15
0.04004078730940819;15
0.05212922766804695;15
0.03294392675161362;15
0.03155094385147095;15
0.0029129725880920887;16
0.007893750444054604;16
0.028249792754650116;16
0.051589008420705795;16
0.0022367574274539948;16
0.022857941687107086;16
0.028699493035674095;16
0.0020614874083548784;16
0.044843245297670364;16
0.012046471238136292;16
0.012606246396899223;16
0.03391497954726219;16
0.012451732531189919;16
0.020490506663918495;16
0.02885388396680355;16
0.019008543342351913;16
0.006160992197692394;17
0.01966824382543564;17
0.04019230976700783;17
0.0018948036013171077;17
0.0037754164077341557;17
0.002416432835161686;17
0.004755414091050625;17
0.03237507864832878;17
0.01946735940873623;17
0.05324035882949829;17
0.04408083111047745;17
0.016462497413158417;17
0.06689595431089401;17
0.012425863184034824;17
0.019853174686431885;17
0.011021637357771397;18
0.03092307783663273;18
0.0014304283540695906;18
0.003892750246450305;18
0.004901609383523464;18
0.004440288059413433;18
0.020453540608286858;18
0.024499043822288513;18
0.023743584752082825;18
0.048613835126161575;18
0.03844278305768967;18
0.04180556908249855;18
0.012318626046180725;18
0.048988260328769684;18
0.02987796626985073;18
0.006737914402037859;19
0.01944645866751671;19
0.0025716025847941637;19
0.019295433536171913;19
0.02463671565055847;19
0.00441591115668416;19
0.003931572660803795;19
0.0393991619348526;19
0.04795414209365845;19
0.029423099011182785;19
0.0480232760310173;19
0.0685822144150734;19
0.0332440510392189;19
0.02350246161222458;19
0.0045127905905246735;19
0.0025875188875943422;19
0.01823667250573635;20
0.001994816120713949;20
0.002174912253394723;20
0.049408625811338425;20
0.029412386938929558;20
0.0018364791758358479;20
0.015707701444625854;20
0.03126823529601097;20
0.02832036092877388;20
0.029047196730971336;20
0.033702027052640915;20
0.05202776938676834;20
0.054493073374032974;20
0.00853542797267437;20
0.026579223573207855;20
0.03203194960951805;21
0.0018983944319188595;21
0.0034544365480542183;21
0.0018243385711684823;21
0.0017991785425692797;21
0.010116629302501678;21
0.024866852909326553;21
0.037325095385313034;21
0.03498111665248871;21
0.0412854440510273;21
0.029064565896987915;21
0.03396092355251312;21
0.04423988237977028;21
0.0162667129188776;21
0.028518855571746826;21
0.0014300699112936854;22
0.0017441691597923636;22
0.023173166438937187;22
0.021126646548509598;22
0.018963009119033813;22
0.011270349845290184;22
0.02393745630979538;22
0.002145246136933565;22
0.009493800811469555;22
0.04027976095676422;22
0.0298781581223011;22
0.03407338261604309;22
0.0524602010846138;22
0.06623640656471252;22
0.02130778506398201;22
0.02024032548069954;23
0.029662378132343292;23
0.001786481705494225;23
0.002799251116812229;23
0.07488597929477692;23
0.005502345971763134;23
0.03983733803033829;23
0.045535627752542496;23
0.03295724838972092;23
0.059347815811634064;23
0.02671905979514122;23
0.018722480162978172;23
0.023780593648552895;23
0.037224914878606796;23
0.023710396140813828;23
0.03556172549724579;23
0.004094358067959547;24
0.006415992975234985;24
0.016887927427887917;24
0.003176123835146427;24
0.003200509585440159;24
0.0021092698443681;24
0.018962141126394272;24
0.016693133860826492;24
0.03993016481399536;24
0.023110462352633476;24
0.024861488491296768;24
0.04422851651906967;24
0.022771790623664856;24
0.03040391206741333;24
0.054545238614082336;24
0.001682085101492703;25
0.0016021261690184474;25
0.0023427866399288177;25
0.0022209410089999437;25
0.006799167953431606;25
0.03893657028675079;25
0.0033746627159416676;25
0.04752616584300995;25
0.02364131063222885;25
0.050761498510837555;25
0.02901328355073929;25
0.04000392183661461;25
0.051343295723199844;25
0.029620397835969925;25
0.035548143088817596;25
0.003650096245110035;26
0.007638538256287575;26
0.019898267462849617;26
0.036941081285476685;26
0.0018519660225138068;26
0.021077023819088936;26
0.026876062154769897;26
0.0022110939025878906;26
0.04737734794616699;26
0.009882407262921333;26
0.011419568210840225;26
0.03363071382045746;26
0.012296135537326336;26
0.017621440812945366;26
0.030384156852960587;26
0.01732036843895912;26
0.0030065171886235476;27
0.019370799884200096;27
0.03676563501358032;27
0.0025693862698972225;27
0.003647522535175085;27
0.0018928124336525798;27
0.00563014904037118;27
0.03157005459070206;27
0.018051404505968094;27
0.04999954253435135;27
0.04375424236059189;27
0.01744341291487217;27
0.06721307337284088;27
0.013127299025654793;27
0.019589301198720932;27
0.010175886563956738;28
0.030063893646001816;28
0.002013715449720621;28
0.0042326562106609344;28
0.005125710740685463;28
0.0028150530997663736;28
0.01977829448878765;28
0.025072570890188217;28
0.023265866562724113;28
0.05036576837301254;28
0.04062800481915474;28
0.04058866575360298;28
0.013974174857139587;28
0.04903829097747803;28
0.028322739526629448;28
0.0038547017611563206;29
0.014672350138425827;29
0.002150030806660652;29
0.016986990347504616;29
0.019808713346719742;29
0.005109128076583147;29
0.0027577015571296215;29
0.03426695987582207;29
0.04728547856211662;29
0.02785147912800312;29
0.04690134897828102;29
0.06593528389930725;29
0.031364817172288895;29
0.023116711527109146;29
0.0035708434879779816;29
0.002630458911880851;29
0.015218746848404408;30
0.0018666598480194807;30
0.0017806475516408682;30
0.037953466176986694;30
0.02882997691631317;30
0.0023606144823133945;30
0.011779608204960823;30
0.03205409646034241;30
0.027646008878946304;30
0.025774776935577393;30
0.03594093769788742;30
0.05321724712848663;30
0.050124891102313995;30
0.009328363463282585;30
0.026757581159472466;30
0.020218247547745705;31
0.0011951586930081248;31
0.003625829704105854;31
0.0023166644386947155;31
0.0014341834466904402;31
0.010275084525346756;31
0.01872957870364189;31
0.037787050008773804;31
0.0331411175429821;31
0.04401015490293503;31
0.028186947107315063;31
0.03712901473045349;31
0.043395038694143295;31
0.015967128798365593;31
0.026738885790109634;31
0.002334034536033869;32
0.0026050517335534096;32
0.022740092128515244;32
0.02152211405336857;32
0.022702421993017197;32
0.008975610136985779;32
0.022021066397428513;32
0.00219134078361094;32
0.009202457964420319;32
0.04152698069810867;32
0.030158575624227524;32
0.03404754027724266;32
0.0498797632753849;32
0.059883300215005875;32
0.023644927889108658;32
0.02160426415503025;33
0.028374528512358665;33
0.002333106007426977;33
0.00314675597473979;33
0.07980993390083313;33
0.003993464168161154;33
0.03888387233018875;33
0.04612702131271362;33
0.03148368000984192;33
0.06051231920719147;33
0.02669519931077957;33
0.018711339682340622;33
0.02393781766295433;33
0.03451395407319069;33
0.02360004559159279;33
0.03421096131205559;33
0.006117932498455048;34
0.0038444758392870426;34
0.014646694995462894;34
0.0030507459305226803;34
0.002474910346791148;34
0.0029209190979599953;34
0.020268116146326065;34
0.01404552161693573;34
0.03490496426820755;34
0.02145024761557579;34
0.02244141325354576;34
0.03710499405860901;34
0.021000515669584274;34
0.028713762760162354;34
0.05257541686296463;34
0.001424824120476842;35
0.002573522971943021;35
0.0037969553377479315;35
0.0021223919466137886;35
0.00711790332570672;35
0.037801872938871384;35
0.004304744303226471;35
0.05282030627131462;35
0.020577676594257355;35
0.045544832944869995;35
0.027410516515374184;35
0.038498688489198685;35
0.04521247744560242;35
0.029189415276050568;35
0.033090002834796906;35
0.0031465403735637665;36
0.008859583176672459;36
0.016213132068514824;36
0.03669830784201622;36
0.0012396564707159996;36
0.01647064834833145;36
0.029001310467720032;36
0.0015528835356235504;36
0.04997577518224716;36
0.008895681239664555;36
0.011185682378709316;36
0.033128056675195694;36
0.011162590235471725;36
0.018367670476436615;36
0.02996746450662613;36
0.021228065714240074;36
0.005291473586112261;37
0.014095252379775047;37
0.04054225981235504;37
0.001906811143271625;37
0.005450128577649593;37
0.0012335075298324227;37
0.005333541426807642;37
0.02526555396616459;37
0.01765451580286026;37
0.044557325541973114;37
0.04174703359603882;37
0.013272929936647415;37
0.06501179933547974;37
0.013395668938755989;37
0.01951245404779911;37
0.011844148859381676;38
0.023293938487768173;38
0.0019832802936434746;38
0.004005204886198044;38
0.004459482617676258;38
0.002026015892624855;38
0.018683549016714096;38
0.020804308354854584;38
0.02228395827114582;38
0.04904008284211159;38
0.04049241170287132;38
0.03746922314167023;38
0.015333514660596848;38
0.044867902994155884;38
0.027438556775450706;38
0.004100113175809383;39
0.009988809004426003;39
0.0026922966353595257;39
0.016827721148729324;39
0.01613476499915123;39
0.004425535444170237;39
0.003002207726240158;39
0.029039837419986725;39
0.0461919866502285;39
0.028386190533638;39
0.04107040911912918;39
0.06368561834096909;39
0.030812319368124008;39
0.025277012959122658;39
0.004829602316021919;39
0.003666149452328682;39
0.012430920265614986;40
0.001893757376819849;40
0.0014499498065561056;40
0.03737262636423111;40
0.028232838958501816;40
0.0023221818264573812;40
0.010725794360041618;40
0.029407721012830734;40
0.02656816877424717;40
0.026379358023405075;40
0.03144170343875885;40
0.056109875440597534;40
0.05050549656152725;40
0.009185952134430408;40
0.024882834404706955;40
0.020883087068796158;41
0.0013567553833127022;41
0.0025793721433728933;41
0.0018151496769860387;41
0.0013395133428275585;41
0.009791063144803047;41
0.018693234771490097;41
0.03854460269212723;41
0.03254197537899017;41
0.037391547113657;41
0.025752099230885506;41
0.039971865713596344;41
0.04168898984789848;41
0.013039037585258484;41
0.029024219140410423;41
0.002236182102933526;42
0.0022251028567552567;42
0.018813006579875946;42
0.018540101125836372;42
0.020114190876483917;42
0.008763302117586136;42
0.019411182031035423;42
0.0021948334760963917;42
0.007335546892136335;42
0.03638710081577301;42
0.029902132228016853;42
0.03425819054245949;42
0.04492947459220886;42
0.06490214914083481;42
0.02325749769806862;42
0.018496371805667877;43
0.025694886222481728;43
0.0027564605697989464;43
0.004922926425933838;43
0.07911523431539536;43
0.0034893315751105547;43
0.033807422965765;43
0.04256071895360947;43
0.0334821455180645;43
0.055547699332237244;43
0.023176521062850952;43
0.01963672786951065;43
0.02396005392074585;43
0.03260146081447601;43
0.022693077102303505;43
0.03651417791843414;43
0.002880536951124668;44
0.004212336149066687;44
0.016003821045160294;44
0.0032337734010070562;44
0.0032995264045894146;44
0.0020080716349184513;44
0.01996704936027527;44
0.015571072697639465;44
0.03883194923400879;44
0.023144077509641647;44
0.025025907903909683;44
0.034308869391679764;44
0.02351249009370804;44
0.03008025325834751;44
0.0463784858584404;44
0.0011862315004691482;45
0.0013860742328688502;45
0.005031593609601259;45
0.0025050260592252016;45
0.005938547197729349;45
0.03323354572057724;45
0.0038293141406029463;45
0.04834485426545143;45
0.0215267576277256;45
0.037894848734140396;45
0.02753618359565735;45
0.03356333076953888;45
0.04350334405899048;45
0.030061710625886917;45
0.03774450719356537;45
0.0024798326194286346;46
0.007950590923428535;46
0.01965348795056343;46
0.04448400065302849;46
0.0018632069695740938;46
0.013395699672400951;46
0.025229714810848236;46
0.001147943316027522;46
0.04577579349279404;46
0.009076550602912903;46
0.010704370215535164;46
0.027049986645579338;46
0.01085165049880743;46
0.016921738162636757;46
0.02892250567674637;46
0.020033210515975952;46
0.004222337156534195;47
0.010453922674059868;47
0.03797553852200508;47
0.002518545836210251;47
0.003781707026064396;47
0.0012398046674206853;47
0.00503415334969759;47
0.028083795681595802;47
0.016593394801020622;47
0.04502352699637413;47
0.039480846375226974;47
0.013202030211687088;47
0.06335367262363434;47
0.011868703179061413;47
0.018670599907636642;47
0.008906246162950993;48
0.021219031885266304;48
0.0014529591426253319;48
0.0030784353148192167;48
0.005298543721437454;48
0.0024314289912581444;48
0.018178068101406097;48
0.02093169279396534;48
0.021550985053181648;48
0.0473884716629982;48
0.034933432936668396;48
0.034746117889881134;48
0.013299244455993176;48
0.04190756753087044;48
0.027545437216758728;48
0.004003055393695831;49
0.007690356113016605;49
0.0027392562478780746;49
0.016621436923742294;49
0.011161468923091888;49
0.003366774180904031;49
0.002762075513601303;49
0.029515184462070465;49
0.04605697840452194;49
0.02790210396051407;49
0.03865687921643257;49
0.05892030522227287;49
0.03383810818195343;49
0.0226285457611084;49
0.0053721219301223755;49
0.002218987327069044;49
0.011701637879014015;50
0.0017144931480288506;50
0.002069899346679449;50
0.03782717138528824;50
0.0273100845515728;50
0.0019223128911107779;50
0.00932496041059494;50
0.030810579657554626;50
0.02615928091108799;50
0.02483532205224037;50
0.030004361644387245;50
0.05809161067008972;50
0.047709546983242035;50
0.008356679230928421;50
0.025142641738057137;50
0.02631646953523159;51
0.001504241954535246;51
0.00294579123146832;51
0.002082853578031063;51
0.0015129010425880551;51
0.009889652021229267;51
0.015080337412655354;51
0.038897350430488586;51
0.03193374350667;51
0.03919064626097679;51
0.02853906899690628;51
0.03907652944326401;51
0.03770783171057701;51
0.01285190787166357;51
0.028309781104326248;51
0.0021957727149128914;52
0.001297615235671401;52
0.018620003014802933;52
0.01546643115580082;52
0.02292426861822605;52
0.00796160101890564;52
0.019146598875522614;52
0.0024482908193022013;52
0.007421376183629036;52
0.034242428839206696;52
0.02906769886612892;52
0.033683765679597855;52
0.04584919661283493;52
0.060291506350040436;52
0.0247812457382679;52
0.024252979084849358;53
0.029621528461575508;53
0.0019501387141644955;53
0.0024315225891768932;53
0.07717884331941605;53
0.003395577659830451;53
0.031842220574617386;53
0.044105809181928635;53
0.0326879620552063;53
0.06345962733030319;53
0.023120170459151268;53
0.01739085093140602;53
0.02218947373330593;53
0.030880318954586983;53
0.023137401789426804;53
0.036009497940540314;53
0.004024000838398933;54
0.003391849808394909;54
0.015734218060970306;54
0.002549653174355626;54
0.003831374691799283;54
0.002293894998729229;54
0.021858762949705124;54
0.014627590775489807;54
0.03915464133024216;54
0.02207374945282936;54
0.023694973438978195;54
0.031156420707702637;54
0.021798044443130493;54
0.02866487018764019;54
0.047753795981407166;54
0.0011603826424106956;55
0.001394521677866578;55
0.004186078906059265;55
0.0014973866054788232;55
0.005328727886080742;55
0.03426116704940796;55
0.003262995043769479;55
0.04791155084967613;55
0.02004374749958515;55
0.03694825991988182;55
0.027139639481902122;55
0.031639404594898224;55
0.03771558776497841;55
0.028829246759414673;55
0.037801679223775864;55
0.002066073240712285;56
0.007664576172828674;56
0.014482134953141212;56
0.0374908447265625;56
0.001920011593028903;56
0.012973121367394924;56
0.02438671886920929;56
0.0012886093463748693;56
0.04578220099210739;56
0.008271502330899239;56
0.010344292968511581;56
0.02920396625995636;56
0.011677703820168972;56
0.01747286505997181;56
0.027806537225842476;56
0.019467176869511604;56
0.00316802179440856;57
0.011638321913778782;57
0.037013571709394455;57
0.0011862078681588173;57
0.004166209138929844;57
0.0011881932150572538;57
0.004686790518462658;57
0.026224300265312195;57
0.016436709091067314;57
0.043110769242048264;57
0.04270169511437416;57
0.013232400640845299;57
0.06511443853378296;57
0.01222601905465126;57
0.017982671037316322;57
0.008211682550609112;58
0.018690219148993492;58
0.0016859935130923986;58
0.0032986472360789776;58
0.004959010519087315;58
0.0018806714797392488;58
0.018499117344617844;58
0.020058216527104378;58
0.022738326340913773;58
0.048133209347724915;58
0.03554076701402664;58
0.03427417576313019;58
0.013809754513204098;58
0.04240839555859566;58
0.026500608772039413;58
0.004343340173363686;59
0.008824966847896576;59
0.001239199424162507;59
0.013873242773115635;59
0.014676166698336601;59
0.003399626584723592;59
0.0033749863505363464;59
0.02502351999282837;59
0.04583442211151123;59
0.02990860491991043;59
0.0358482301235199;59
0.05710172653198242;59
0.032964952290058136;59
0.023689571768045425;59
0.004548124503344297;59
0.0022152476012706757;59
0.009770486503839493;60
0.0016391525277867913;60
0.001800154335796833;60
0.04093427211046219;60
0.028389163315296173;60
0.002032481599599123;60
0.009036755189299583;60
0.031067030504345894;60
0.02671976573765278;60
0.0251254104077816;60
0.03090573474764824;60
0.057378269731998444;60
0.04856390506029129;60
0.008983313106000423;60
0.025330575183033943;60
0.02578030899167061;61
0.0010961800580844283;61
0.002480616793036461;61
0.001944948104210198;61
0.0012993436539545655;61
0.01003855187445879;61
0.014880855567753315;61
0.03776034712791443;61
0.03133147209882736;61
0.037310872226953506;61
0.025213979184627533;61
0.03899485617876053;61
0.03635614365339279;61
0.013333158567547798;61
0.02774949185550213;61
0.0017645275220274925;62
0.001377616310492158;62
0.01889491267502308;62
0.015508107841014862;62
0.02353288047015667;62
0.008897317573428154;62
0.022513721138238907;62
0.0022356328554451466;62
0.007099547423422337;62
0.03612576425075531;62
0.031000476330518723;62
0.03398863971233368;62
0.044164761900901794;62
0.062156617641448975;62
0.02263748273253441;62
0.01826263964176178;63
0.024077413603663445;63
0.0011751683196052909;63
0.003114797407761216;63
0.07691291719675064;63
0.004290368407964706;63
0.03372643142938614;63
0.045109305530786514;63
0.03003881871700287;63
0.057047292590141296;63
0.022466909140348434;63
0.01643792912364006;63
0.02378818206489086;63
0.031653113663196564;63
0.020913396030664444;63
0.033880461007356644;63
0.003520028432831168;64
0.004924245178699493;64
0.0142392348498106;64
0.0026617811527103186;64
0.003201998770236969;64
0.0019065168453380466;64
0.02155744470655918;64
0.013480177149176598;64
0.03901483118534088;64
0.022184740751981735;64
0.021692847833037376;64
0.03290630504488945;64
0.021281324326992035;64
0.028469664976000786;64
0.04485270753502846;64
0.001272799214348197;65
0.0013722081203013659;65
0.004701215773820877;65
0.0015688790008425713;65
0.0044827815145254135;65
0.03331923112273216;65
0.003959756810218096;65
0.048107437789440155;65
0.020605193451046944;65
0.04030045121908188;65
0.02771582454442978;65
0.03200886771082878;65
0.03854360058903694;65
0.029049301519989967;65
0.036315616220235825;65
0.0028027358930557966;66
0.006808320991694927;66
0.015141488052904606;66
0.041028883308172226;66
0.001705976203083992;66
0.012766811065375805;66
0.02567441388964653;66
0.001396817620843649;66
0.044899679720401764;66
0.008912982419133186;66
0.010501844808459282;66
0.02473169006407261;66
0.01135651208460331;66
0.016415659338235855;66
0.030970774590969086;66
0.01959545910358429;66
0.004882986191660166;67
0.010799089446663857;67
0.03514452278614044;67
0.0016096162144094706;67
0.0034631085582077503;67
0.0008187084458768368;67
0.004202469252049923;67
0.024688780307769775;67
0.018384449183940887;67
0.045846354216337204;67
0.04311678558588028;67
0.014638467691838741;67
0.06349334865808487;67
0.012192066758871078;67
0.018567226827144623;67
0.008888647891581059;68
0.02435268834233284;68
0.001666193245910108;68
0.0034381230361759663;68
0.004730806220322847;68
0.002095688134431839;68
0.016132645308971405;68
0.01749747432768345;68
0.021607959643006325;68
0.048291608691215515;68
0.03607989102602005;68
0.033458027988672256;68
0.013912566937506199;68
0.04196438565850258;68
0.027583450078964233;68
0.004505746997892857;69
0.006438212003558874;69
0.0014867589343339205;69
0.014003261923789978;69
0.012400384992361069;69
0.00379988388158381;69
0.0028212296310812235;69
0.02814565785229206;69
0.042590148746967316;69
0.030254941433668137;69
0.03738686814904213;69
0.059516243636608124;69
0.03137698769569397;69
0.02350800111889839;69
0.004301383625715971;69
0.002610362134873867;69
0.012112936936318874;70
0.0015367601299658418;70
0.0019365042680874467;70
0.03635142743587494;70
0.028088143095374107;70
0.0018368831370025873;70
0.008466996252536774;70
0.029435783624649048;70
0.026080461218953133;70
0.02321430668234825;70
0.030916903167963028;70
0.058675773441791534;70
0.04968681186437607;70
0.008070223964750767;70
0.026381082832813263;70
0.021191485226154327;71
0.0016474896110594273;71
0.0023201629519462585;71
0.0017424714751541615;71
0.0017265939386561513;71
0.00890478678047657;71
0.013110265135765076;71
0.0356709286570549;71
0.033257946372032166;71
0.037003275007009506;71
0.026424039155244827;71
0.040067851543426514;71
0.0338873453438282;71
0.012968609109520912;71
0.027244681492447853;71
0.001713265897706151;72
0.0014008424477651715;72
0.019680866971611977;72
0.014947554096579552;72
0.02390705607831478;72
0.008891545236110687;72
0.020839214324951172;72
0.0022111376747488976;72
0.007101454306393862;72
0.035346586257219315;72
0.02831772342324257;72
0.03556020185351372;72
0.03870900720357895;72
0.061713192611932755;72
0.022392459213733673;72
0.015894491225481033;73
0.026187170296907425;73
0.002108218614012003;73
0.005179739557206631;73
0.07593394070863724;73
0.003302184399217367;73
0.031410906463861465;73
0.04825960844755173;73
0.029938453808426857;73
0.05550439655780792;73
0.023985175415873528;73
0.016291853040456772;73
0.0232442207634449;73
0.030021630227565765;73
0.021770255640149117;73
0.03397401422262192;73
0.004827355034649372;74
0.0038230486679822206;74
0.015007476322352886;74
0.002626182744279504;74
0.003168182447552681;74
0.0025113157462328672;74
0.02126377634704113;74
0.014532285742461681;74
0.03772832453250885;74
0.022308096289634705;74
0.024146420881152153;74
0.0313199907541275;74
0.02122313715517521;74
0.027208156883716583;74
0.045161329209804535;74
0.0014133064541965723;75
0.0011575191747397184;75
0.005811611656099558;75
0.001611525658518076;75
0.005345835350453854;75
0.03366493433713913;75
0.003802131162956357;75
0.049065425992012024;75
0.019036805257201195;75
0.043226055800914764;75
0.026404527947306633;75
0.028830375522375107;75
0.03623010218143463;75
0.030367011204361916;75
0.036912769079208374;75
0.0018957640277221799;76
0.0074181873351335526;76
0.016251442953944206;76
0.04004345089197159;76
0.0015631606802344322;76
0.011652752757072449;76
0.023611441254615784;76
0.001751292496919632;76
0.04541155695915222;76
0.008368706330657005;76
0.010928940027952194;76
0.02593330852687359;76
0.011977004818618298;76
0.016607187688350677;76
0.02851034142076969;76
0.019278183579444885;76
0.0044351257383823395;77
0.012226428836584091;77
0.03365164250135422;77
0.0017860280349850655;77
0.0034524337388575077;77
0.0010998259531334043;77
0.005011372268199921;77
0.024291319772601128;77
0.017276138067245483;77
0.043311093002557755;77
0.042585622519254684;77
0.015242690220475197;77
0.05738106369972229;77
0.013234792277216911;77
0.018425028771162033;77
0.009137125685811043;78
0.02219046838581562;78
0.0012162511702626944;78
0.0031500551849603653;78
0.004802764393389225;78
0.0017259587766602635;78
0.015658041462302208;78
0.016713639721274376;78
0.02103477716445923;78
0.04661223664879799;78
0.03595677763223648;78
0.03564378619194031;78
0.014729982241988182;78
0.03919743001461029;78
0.0281355157494545;78
0.0037686792202293873;79
0.00803438201546669;79
0.0018184169894084334;79
0.013653385452926159;79
0.016736093908548355;79
0.003679425921291113;79
0.0030108068604022264;79
0.02652589976787567;79
0.04383780434727669;79
0.027930036187171936;79
0.034223854541778564;79
0.05685204267501831;79
0.03351902589201927;79
0.022292381152510643;79
0.004581332206726074;79
0.0023717712610960007;79
0.011721104383468628;80
0.0013748419005423784;80
0.0012902191374450922;80
0.03560054302215576;80
0.028168383985757828;80
0.0018389910692349076;80
0.0068794190883636475;80
0.02995562180876732;80
0.025329727679491043;80
0.023615671321749687;80
0.031516604125499725;80
0.058052774518728256;80
0.04812003672122955;80
0.007741681300103664;80
0.024951614439487457;80
0.019385237246751785;81
0.0022964836098253727;81
0.0026835224125534296;81
0.0013357254210859537;81
0.0016835691640153527;81
0.009534766897559166;81
0.016088362783193588;81
0.03538341075181961;81
0.032393019646406174;81
0.03633638843894005;81
0.025871992111206055;81
0.03621988743543625;81
0.03237901255488396;81
0.012781763449311256;81
0.027741234749555588;81
0.0017814114689826965;82
0.0015672266017645597;82
0.018411871045827866;82
0.013805036433041096;82
0.02210651896893978;82
0.008650774136185646;82
0.020596113055944443;82
0.0022062230855226517;82
0.006928794085979462;82
0.0361521951854229;82
0.029595790430903435;82
0.034896161407232285;82
0.039750270545482635;82
0.061721887439489365;82
0.02215839922428131;82
0.018881680443882942;83
0.024038050323724747;83
0.002770983148366213;83
0.0037493950221687555;83
0.07475350052118301;83
0.0032676775008440018;83
0.03123984858393669;83
0.04895683377981186;83
0.030958451330661774;83
0.053679317235946655;83
0.023551713675260544;83
0.015561251901090145;83
0.021982748061418533;83
0.028742169961333275;83
0.022542104125022888;83
0.03377538546919823;83
0.00401318958029151;84
0.00418982794508338;84
0.0132509246468544;84
0.0025679320096969604;84
0.0028951503336429596;84
0.001640868023969233;84
0.021524284034967422;84
0.014699634164571762;84
0.03809119388461113;84
0.021627996116876602;84
0.021519994363188744;84
0.029214538633823395;84
0.020618248730897903;84
0.028450055047869682;84
0.04257328063249588;84
0.0011636422714218497;85
0.001060923794284463;85
0.007828934118151665;85
0.0017804227536544204;85
0.004700043238699436;85
0.03394322842359543;85
0.0037535494193434715;85
0.04946351796388626;85
0.016987822949886322;85
0.03737260028719902;85
0.025758063420653343;85
0.028685376048088074;85
0.03652672469615936;85
0.027994096279144287;85
0.03597889095544815;85
0.002252611331641674;86
0.006809582002460957;86
0.013199740089476109;86
0.04846900701522827;86
0.0012703115353360772;86
0.010296478867530823;86
0.022422045469284058;86
0.0009643862722441554;86
0.04415901005268097;86
0.008791244588792324;86
0.01132989302277565;86
0.024760566651821136;86
0.011287420056760311;86
0.016193434596061707;86
0.025508282706141472;86
0.019006866961717606;86
0.004183056764304638;87
0.007970558479428291;87
0.03341012820601463;87
0.001548992469906807;87
0.0031200763769447803;87
0.0009281134698539972;87
0.004045957233756781;87
0.024897322058677673;87
0.01875476725399494;87
0.0450071282684803;87
0.04275864362716675;87
0.014357928186655045;87
0.05702304095029831;87
0.011821550317108631;87
0.017796557396650314;87
0.007937135174870491;88
0.022556159645318985;88
0.0008388136047869921;88
0.004179437644779682;88
0.0047001889906823635;88
0.0020152260549366474;88
0.0167575441300869;88
0.016453010961413383;88
0.02185549959540367;88
0.047059349715709686;88
0.03488834574818611;88
0.03648052364587784;88
0.013273327611386776;88
0.04062440246343613;88
0.02868163399398327;88
0.004509019199758768;89
0.005937648005783558;89
0.0017862450331449509;89
0.013000921346247196;89
0.01351960189640522;89
0.003279422177001834;89
0.0027471748180687428;89
0.025014745071530342;89
0.04347914829850197;89
0.02778012864291668;89
0.03373924642801285;89
0.05372428894042969;89
0.033076971769332886;89
0.021851196885108948;89
0.003968619275838137;89
0.0024295963812619448;89
0.0076515390537679195;90
0.0014469973975792527;90
0.0016828426159918308;90
0.04085524380207062;90
0.02671445719897747;90
0.0017759528709575534;90
0.0067477175034582615;90
0.028992490842938423;90
0.025328800082206726;90
0.024020761251449585;90
0.03178345412015915;90
0.05697716772556305;90
0.05090164765715599;90
0.007753313053399324;90
0.027114003896713257;90
0.020110484212636948;91
0.0019335359102115035;91
0.002151989843696356;91
0.0022240218240767717;91
0.0016277292743325233;91
0.009064598008990288;91
0.017305850982666016;91
0.035315267741680145;91
0.03351914882659912;91
0.03440544381737709;91
0.025551654398441315;91
0.038881998509168625;91
0.029434308409690857;91
0.013491678051650524;91
0.027726568281650543;91
0.0013596483040601015;92
0.0010696774115785956;92
0.019641947001218796;92
0.015768738463521004;92
0.024099180474877357;92
0.00871571060270071;92
0.02104186825454235;92
0.002064208732917905;92
0.00771403219550848;92
0.03464654088020325;92
0.03055206872522831;92
0.033397119492292404;92
0.03684454411268234;92
0.06237076595425606;92
0.02254822477698326;92
0.019415032118558884;93
0.022416556254029274;93
0.002035315614193678;93
0.0027296417392790318;93
0.07495816051959991;93
0.003497498109936714;93
0.03257941082119942;93
0.04500850290060043;93
0.02882278338074684;93
0.05600246042013168;93
0.022725433111190796;93
0.017140358686447144;93
0.02162122167646885;93
0.028562046587467194;93
0.02081192098557949;93
0.032973311841487885;93
0.004462824668735266;94
0.00449606915935874;94
0.011433932930231094;94
0.0023006272967904806;94
0.00278214318677783;94
0.002164030447602272;94
0.021616239100694656;94
0.013199957087635994;94
0.03912629559636116;94
0.0207652747631073;94
0.022219132632017136;94
0.028340354561805725;94
0.021601416170597076;94
0.027941422536969185;94
0.04356275871396065;94
0.0016273746732622385;95
0.0008012026082724333;95
0.007531092502176762;95
0.001809736480936408;95
0.004834863357245922;95
0.03299398720264435;95
0.004240462556481361;95
0.04623886197805405;95
0.016248881816864014;95
0.04038267582654953;95
0.027539538219571114;95
0.028412118554115295;95
0.036071211099624634;95
0.028595365583896637;95
0.034469835460186005;95
0.0021559118758887053;96
0.006888531148433685;96
0.012600798159837723;96
0.04741154611110687;96
0.0022379164583981037;96
0.009775062091648579;96
0.022952312603592873;96
0.0013372432440519333;96
0.039860017597675323;96
0.008530770428478718;96
0.011074032634496689;96
0.02598278783261776;96
0.01095257606357336;96
0.017885355278849602;96
0.02615148201584816;96
0.019681954756379128;96
0.004694165661931038;97
0.010596067644655704;97
0.03369966894388199;97
0.0017249416559934616;97
0.0033635555300861597;97
0.0009239340433850884;97
0.004312590230256319;97
0.02479942888021469;97
0.01769794151186943;97
0.043200284242630005;97
0.045446041971445084;97
0.014048836193978786;97
0.058460332453250885;97
0.013108125887811184;97
0.018318338319659233;97
0.009354026056826115;98
0.02202668972313404;98
0.0008933380013331771;98
0.00275181676261127;98
0.005598069168627262;98
0.0016422655899077654;98
0.016992487013339996;98
0.016279436647892;98
0.021588895469903946;98
0.045931436121463776;98
0.034869223833084106;98
0.03778785094618797;98
0.014703560620546341;98
0.0411076545715332;98
0.027228083461523056;98
0.00516299344599247;99
0.0074701011180877686;99
0.0016048051184043288;99
0.014616504311561584;99
0.013173166662454605;99
0.003589129541069269;99
0.002496998058632016;99
0.026794325560331345;99
0.04555613920092583;99
0.02569221705198288;99
0.03426115959882736;99
0.055441342294216156;99
0.03188449144363403;99
0.02246706187725067;99
0.0035853872541338205;99
0.002472826512530446;99
0.009364987723529339;100
0.001301219454035163;100
0.0016574618639424443;100
0.039577290415763855;100
0.026725025847554207;100
0.001570767955854535;100
0.006704087369143963;100
0.029186690226197243;100
0.02481340616941452;100
0.02336941659450531;100
0.029845694079995155;100
0.056891996413469315;100
0.05009390041232109;100
0.007509061135351658;100
0.02721448615193367;100
0.019340528175234795;101
0.0016924506053328514;101
0.0026891359593719244;101
0.0019849101081490517;101
0.0013033145805820823;101
0.00879487581551075;101
0.017347581684589386;101
0.036538369953632355;101
0.03214710205793381;101
0.03374188020825386;101
0.026024771854281425;101
0.036451540887355804;101
0.02896684780716896;101
0.012700874358415604;101
0.027221061289310455;101
0.0018990453099831939;102
0.0010349606163799763;102
0.018512805923819542;102
0.013880155980587006;102
0.022397542372345924;102
0.00950557366013527;102
0.022341983392834663;102
0.00205837725661695;102
0.007026093080639839;102
0.034277696162462234;102
0.02980043552815914;102
0.035415247082710266;102
0.03617625683546066;102
0.061898767948150635;102
0.021962324157357216;102
0.01275198720395565;103
0.023327162489295006;103
0.002240740228444338;103
0.003416648367419839;103
0.07645759731531143;103
0.0038625472225248814;103
0.02935492992401123;103
0.047656409442424774;103
0.03019484505057335;103
0.05408133193850517;103
0.0220339372754097;103
0.017006635665893555;103
0.0212162546813488;103
0.028744786977767944;103
0.020650096237659454;103
0.031215867027640343;103
0.00395114766433835;104
0.0042572952806949615;104
0.013103321194648743;104
0.0025256886146962643;104
0.0033226534724235535;104
0.002397748874500394;104
0.020393066108226776;104
0.013656672090291977;104
0.037219107151031494;104
0.021374769508838654;104
0.02159634605050087;104
0.026855139061808586;104
0.021521490067243576;104
0.027821773663163185;104
0.04221932590007782;104
0.001549026696011424;105
0.0007901492645032704;105
0.006768053397536278;105
0.0016720372950658202;105
0.005608221050351858;105
0.031438957899808884;105
0.003862847341224551;105
0.04639645665884018;105
0.01679171621799469;105
0.036909446120262146;105
0.026629872620105743;105
0.026581909507513046;105
0.03130904212594032;105
0.028272274881601334;105
0.03716461360454559;105
0.002513212151825428;106
0.007269302383065224;106
0.01545013953000307;106
0.051451634615659714;106
0.0013236270751804113;106
0.009220589883625507;106
0.025582056492567062;106
0.0012456439435482025;106
0.04080731421709061;106
0.009574233554303646;106
0.011321878992021084;106
0.021540099754929543;106
0.012114487588405609;106
0.016811370849609375;106
0.025738541036844254;106
0.018725909292697906;106
0.0037422177847474813;107
0.007262207567691803;107
0.03210604190826416;107
0.0016781537560746074;107
0.003024113830178976;107
0.001017379923723638;107
0.003771047340705991;107
0.023107651621103287;107
0.017739761620759964;107
0.04536666348576546;107
0.039868440479040146;107
0.015387482941150665;107
0.05298744887113571;107
0.012797670438885689;107
0.01753394305706024;107
0.009099454618990421;108
0.020790770649909973;108
0.0010506592225283384;108
0.003021487733349204;108
0.005538405384868383;108
0.002002067631110549;108
0.0164655651897192;108
0.015114745125174522;108
0.02285672351717949;108
0.04559680074453354;108
0.03383980691432953;108
0.03694519028067589;108
0.012276874855160713;108
0.04105677828192711;108
0.028265882283449173;108
0.004661639221012592;109
0.0047772116959095;109
0.0014945922885090113;109
0.016059212386608124;109
0.014222248457372189;109
0.003968266770243645;109
0.002789990045130253;109
0.02547333389520645;109
0.04356616735458374;109
0.02640252374112606;109
0.030365899205207825;109
0.05731672793626785;109
0.032770369201898575;109
0.02204957604408264;109
0.004518233239650726;109
0.0021724840626120567;109
0.00985528901219368;110
0.0014964337460696697;110
0.0015490243677049875;110
0.039156440645456314;110
0.02812134474515915;110
0.0017898385412991047;110
0.004161223769187927;110
0.03007274493575096;110
0.0245849397033453;110
0.023559242486953735;110
0.028844591230154037;110
0.056602444499731064;110
0.048236966133117676;110
0.0076864114962518215;110
0.027008632197976112;110
0.018215026706457138;111
0.001701496192254126;111
0.0022806632332503796;111
0.001675281673669815;111
0.0014535945374518633;111
0.00883096270263195;111
0.016720598563551903;111
0.03554201126098633;111
0.03240285813808441;111
0.03313574939966202;111
0.025692813098430634;111
0.03709921985864639;111
0.02830546535551548;111
0.014027681201696396;111
0.026898730546236038;111
0.001893219188787043;112
0.001270702457986772;112
0.01869998499751091;112
0.014873883686959743;112
0.022439831867814064;112
0.008040934801101685;112
0.021534226834774017;112
0.002121906029060483;112
0.007718270644545555;112
0.03337428718805313;112
0.030012071132659912;112
0.03594361990690231;112
0.03430306166410446;112
0.062391236424446106;112
0.02273731306195259;112
0.014043143019080162;113
0.022785913199186325;113
0.00235982658341527;113
0.0031206244602799416;113
0.07007677853107452;113
0.0037678752560168505;113
0.029256809502840042;113
0.050152309238910675;113
0.02943633496761322;113
0.051451459527015686;113
0.02284468524158001;113
0.016829293221235275;113
0.021456196904182434;113
0.02775547094643116;113
0.02086787112057209;113
0.031089918687939644;113
0.004282406531274319;114
0.003907764796167612;114
0.011418431997299194;114
0.003135619219392538;114
0.002359928097575903;114
0.001743482192978263;114
0.02012598142027855;114
0.01363387517631054;114
0.034952715039253235;114
0.022579258307814598;114
0.022649386897683144;114
0.027144018560647964;114
0.021267684176564217;114
0.029270440340042114;114
0.0435955673456192;114
0.0012647679541260004;115
0.0008284524083137512;115
0.006595108192414045;115
0.0016281424323096871;115
0.004857213236391544;115
0.03065667673945427;115
0.004336036741733551;115
0.04744907468557358;115
0.014755412936210632;115
0.038924600929021835;115
0.02641695737838745;115
0.024400673806667328;115
0.029465584084391594;115
0.026668518781661987;115
0.034152671694755554;115
0.0023436606861650944;116
0.008285973221063614;116
0.010971824638545513;116
0.052869126200675964;116
0.0019201094983145595;116
0.009813234210014343;116
0.02479707822203636;116
0.0009873348753899336;116
0.040471840649843216;116
0.009410819038748741;116
0.010820601135492325;116
0.02086212858557701;116
0.012451416812837124;116
0.01788453757762909;116
0.023595521226525307;116
0.01915057748556137;116
0.005519594065845013;117
0.008900294080376625;117
0.0342208631336689;117
0.0012858377303928137;117
0.003095160936936736;117
0.0009518101578578353;117
0.003865702310577035;117
0.024988967925310135;117
0.01791568100452423;117
0.039975713938474655;117
0.03641379624605179;117
0.014233321882784367;117
0.05520114675164223;117
0.014146311208605766;117
0.017350217327475548;117
0.008487765677273273;118
0.023626552894711494;118
0.001112835481762886;118
0.003375045955181122;118
0.005271122325211763;118
0.0019227724988013506;118
0.015365214087069035;118
0.01414558943361044;118
0.02200053073465824;118
0.04616179317235947;118
0.03216675668954849;118
0.033259257674217224;118
0.01402221992611885;118
0.03925266116857529;118
0.02621421217918396;118
0.005847758147865534;119
0.0035368925891816616;119
0.0016610741149634123;119
0.013168740086257458;119
0.011714545078575611;119
0.003943749237805605;119
0.002843559021130204;119
0.022664643824100494;119
0.045827023684978485;119
0.02491912618279457;119
0.030668824911117554;119
0.05144772678613663;119
0.033678654581308365;119
0.022417321801185608;119
0.003615733003243804;119
0.002039625309407711;119
0.007555983029305935;120
0.0013004731154069304;120
0.001462288899347186;120
0.038913220167160034;120
0.030701030045747757;120
0.001660567824728787;120
0.0050508021377027035;120
0.02799733355641365;120
0.023517047986388206;120
0.02284155786037445;120
0.028792303055524826;120
0.058212898671627045;120
0.04791054502129555;120
0.008522586897015572;120
0.027227992191910744;120
0.02057717554271221;121
0.0015731601743027568;121
0.0023569283075630665;121
0.002510158345103264;121
0.0011496025836095214;121
0.008943232707679272;121
0.01704719476401806;121
0.036915771663188934;121
0.03286624699831009;121
0.03320521488785744;121
0.023876415565609932;121
0.037211380898952484;121
0.028350135311484337;121
0.013186201453208923;121
0.027211599051952362;121
0.0021578718442469835;122
0.0012714322656393051;122
0.018862199038267136;122
0.011865354143083096;122
0.02218776009976864;122
0.008584165945649147;122
0.022158291190862656;122
0.002410084242001176;122
0.008028391748666763;122
0.035918667912483215;122
0.030405692756175995;122
0.03502650558948517;122
0.031515076756477356;122
0.06463395059108734;122
0.02304689772427082;122
0.013582030311226845;123
0.02265234850347042;123
0.0025588080752640963;123
0.0030329737346619368;123
0.070594422519207;123
0.003876172937452793;123
0.02895723283290863;123
0.047845326364040375;123
0.029149111360311508;123
0.052376970648765564;123
0.022605083882808685;123
0.016204148530960083;123
0.021241197362542152;123
0.027870483696460724;123
0.02078097313642502;123
0.031243734061717987;123
0.0030561513267457485;124
0.0039191232062876225;124
0.010852620005607605;124
0.0024697696790099144;124
0.003453952493146062;124
0.0019972086884081364;124
0.019470766186714172;124
0.012329906225204468;124
0.038175538182258606;124
0.02045316994190216;124
0.022763248533010483;124
0.024395756423473358;124
0.020593250170350075;124
0.027271036058664322;124
0.03897909075021744;124
0.0014180340804159641;125
0.0011055906070396304;125
0.005711433943361044;125
0.0013811548706144094;125
0.005476669874042273;125
0.029615674167871475;125
0.004423013422638178;125
0.048971474170684814;125
0.015122625976800919;125
0.03554421663284302;125
0.02591961994767189;125
0.02473115175962448;125
0.03269553184509277;125
0.029037747532129288;125
0.032574933022260666;125
0.002951175905764103;126
0.007183140143752098;126
0.011408822610974312;126
0.047640182077884674;126
0.001668273936957121;126
0.009705944918096066;126
0.02527041919529438;126
0.0012561874464154243;126
0.03861718624830246;126
0.010160827077925205;126
0.009923682548105717;126
0.02261333167552948;126
0.012180598452687263;126
0.01839766837656498;126
0.025339748710393906;126
0.018057120963931084;126
0.004520693328231573;127
0.007631673943251371;127
0.0329434871673584;127
0.001088874414563179;127
0.003103456925600767;127
0.0009334816131740808;127
0.003975621424615383;127
0.022904597222805023;127
0.01794734224677086;127
0.04364359751343727;127
0.03745804727077484;127
0.014604892581701279;127
0.05611397698521614;127
0.012988893315196037;127
0.017631370574235916;127
0.009026698768138885;128
0.021929534152150154;128
0.0011369881685823202;128
0.002572929486632347;128
0.00564195029437542;128
0.0017266049981117249;128
0.015060266479849815;128
0.014323838986456394;128
0.020565569400787354;128
0.046363383531570435;128
0.03225022554397583;128
0.03328978270292282;128
0.013594350777566433;128
0.03850710764527321;128
0.026290148496627808;128
0.00553912715986371;129
0.004354735370725393;129
0.00146153150126338;129
0.014786762185394764;129
0.011419608257710934;129
0.0038996043149381876;129
0.0030512926168739796;129
0.022457551211118698;129
0.04367270693182945;129
0.025818584486842155;129
0.02970951236784458;129
0.05766930431127548;129
0.033469151705503464;129
0.021384643390774727;129
0.003943922929465771;129
0.0026774608995765448;129
0.005594151560217142;130
0.001419608248397708;130
0.001483782660216093;130
0.037534818053245544;130
0.029972940683364868;130
0.001784736872650683;130
0.003614849643781781;130
0.029910562559962273;130
0.02409476600587368;130
0.023082353174686432;130
0.029049530625343323;130
0.057831816375255585;130
0.04405121132731438;130
0.007706690113991499;130
0.02499755471944809;130
0.02021225355565548;131
0.001629821490496397;131
0.0028221653774380684;131
0.002337813377380371;131
0.0009900701697915792;131
0.009948129765689373;131
0.0164654478430748;131
0.03369089961051941;131
0.03200885280966759;131
0.03189782425761223;131
0.02464338019490242;131
0.03795596584677696;131
0.02661512792110443;131
0.012406112626194954;131
0.028708163648843765;131
0.0016878391616046429;132
0.0010148158762603998;132
0.0190136581659317;132
0.014078449457883835;132
0.023414935916662216;132
0.008779726922512054;132
0.020531365647912025;132
0.002320469357073307;132
0.007798713631927967;132
0.0326450876891613;132
0.029905954375863075;132
0.034761570394039154;132
0.032622624188661575;132
0.06634123623371124;132
0.021837469190359116;132
0.010870630852878094;133
0.02114308997988701;133
0.00207702093757689;133
0.0024629035033285618;133
0.07505641877651215;133
0.003612781874835491;133
0.028881069272756577;133
0.04746975004673004;133
0.029582981020212173;133
0.04967465624213219;133
0.02250303514301777;133
0.01736418902873993;133
0.020202375948429108;133
0.02854735776782036;133
0.02124861814081669;133
0.026613930240273476;133
0.0041219317354261875;134
0.004122479353100061;134
0.010219245217740536;134
0.002333653625100851;134
0.0035214312374591827;134
0.0019014128483831882;134
0.019328400492668152;134
0.01334954984486103;134
0.03911829739809036;134
0.021734539419412613;134
0.021237315610051155;134
0.02151591144502163;134
0.02053840272128582;134
0.02997143380343914;134
0.03967662155628204;134
0.0013743004528805614;135
0.0008261588518507779;135
0.0057417117059230804;135
0.0009870597859844565;135
0.004180740099400282;135
0.029928969219326973;135
0.003866157028824091;135
0.04424464330077171;135
0.015575679019093513;135
0.037434548139572144;135
0.027490220963954926;135
0.023340264335274696;135
0.03157457709312439;135
0.027638843283057213;135
0.032080505043268204;135
0.002191586885601282;136
0.007813784293830395;136
0.011000145226716995;136
0.04771896451711655;136
0.0020819762721657753;136
0.007183689624071121;136
0.02648399956524372;136
0.0010922102956101298;136
0.03554369509220123;136
0.009990381076931953;136
0.01058162935078144;136
0.023489875718951225;136
0.012224620208144188;136
0.01644151844084263;136
0.022801674902439117;136
0.018243301659822464;136
0.004345105495303869;137
0.006811622995883226;137
0.03731665760278702;137
0.0013263649307191372;137
0.003281039884313941;137
0.0009514646953903139;137
0.004998820833861828;137
0.023480581119656563;137
0.018656088039278984;137
0.04475272819399834;137
0.03712182864546776;137
0.013242704793810844;137
0.05613821744918823;137
0.014587237499654293;137
0.017143743112683296;137
0.008698232471942902;138
0.0202859528362751;138
0.0013895565643906593;138
0.002721328753978014;138
0.006109277717769146;138
0.001842073630541563;138
0.01560134720057249;138
0.012889565899968147;138
0.02141493931412697;138
0.047245778143405914;138
0.025997363030910492;138
0.03411310911178589;138
0.01349061168730259;138
0.03904265537858009;138
0.02885158732533455;138
0.005561824422329664;139
0.003651913721114397;139
0.0015841829590499401;139
0.01327089685946703;139
0.010907876305282116;139
0.003950970713049173;139
0.002466945443302393;139
0.022005053237080574;139
0.041255883872509;139
0.02594851516187191;139
0.027438588440418243;139
0.054691020399332047;139
0.03285800293087959;139
0.021102048456668854;139
0.004420195706188679;139
0.001807063352316618;139
0.008194894529879093;140
0.0016851772088557482;140
0.001787194050848484;140
0.036128103733062744;140
0.02836764231324196;140
0.0018698906060308218;140
0.004820729605853558;140
0.028761275112628937;140
0.024754181504249573;140
0.02459155023097992;140
0.030937299132347107;140
0.05579278990626335;140
0.043060868978500366;140
0.008003692142665386;140
0.025526126846671104;140
0.01844814419746399;141
0.0012374939396977425;141
0.002606359077617526;141
0.0019458355382084846;141
0.0013566238339990377;141
0.009984929114580154;141
0.015918917953968048;141
0.03409159928560257;141
0.033277831971645355;141
0.0269106924533844;141
0.02462867461144924;141
0.0388755276799202;141
0.024182965978980064;141
0.013571532443165779;141
0.027443431317806244;141
0.002496123081073165;142
0.0009758214000612497;142
0.017551682889461517;142
0.013520948588848114;142
0.021038174629211426;142
0.00820808857679367;142
0.021606603637337685;142
0.002223575720563531;142
0.008457165211439133;142
0.03101181425154209;142
0.03131472319364548;142
0.03644236549735069;142
0.031212635338306427;142
0.06465277820825577;142
0.021404072642326355;142
0.013762022368609905;143
0.0234437957406044;143
0.0020551769994199276;143
0.0028193527832627296;143
0.07116525620222092;143
0.0035683074966073036;143
0.027261290699243546;143
0.04725293815135956;143
0.028607379645109177;143
0.04837069660425186;143
0.023580484092235565;143
0.015466899611055851;143
0.019293084740638733;143
0.028268132358789444;143
0.021573904901742935;143
0.025224465876817703;143
0.003939230460673571;144
0.004162314347922802;144
0.008970928378403187;144
0.002496238797903061;144
0.002750312676653266;144
0.0019072754075750709;144
0.019610948860645294;144
0.012767910026013851;144
0.03705945983529091;144
0.02154085412621498;144
0.021808139979839325;144
0.022517651319503784;144
0.020942911505699158;144
0.028060119599103928;144
0.03815186023712158;144
0.0011122325668111444;145
0.0009667426347732544;145
0.005764079745858908;145
0.0013223690912127495;145
0.004484493285417557;145
0.029630426317453384;145
0.004262606147676706;145
0.04746536910533905;145
0.014673721045255661;145
0.03405521810054779;145
0.027847792953252792;145
0.024023760110139847;145
0.034792691469192505;145
0.02820129692554474;145
0.03149216249585152;145
0.002263244241476059;146
0.007221750449389219;146
0.009492293000221252;146
0.049621887505054474;146
0.0017815132159739733;146
0.007318554911762476;146
0.025225304067134857;146
0.0013589891605079174;146
0.03834710270166397;146
0.007756807375699282;146
0.010187257081270218;146
0.02146180532872677;146
0.01322807464748621;146
0.017289314419031143;146
0.0233147069811821;146
0.01880747638642788;146
0.004162328317761421;147
0.005122308619320393;147
0.035956524312496185;147
0.0010916066821664572;147
0.0036298390477895737;147
0.0009374883375130594;147
0.004076057113707066;147
0.02157393842935562;147
0.018292143940925598;147
0.04291851446032524;147
0.03601893037557602;147
0.014621973969042301;147
0.056209221482276917;147
0.015934862196445465;147
0.016345132142305374;147
0.008635202422738075;148
0.01873779296875;148
0.0013749260688200593;148
0.0029137874953448772;148
0.005990569479763508;148
0.0021151909604668617;148
0.013122286647558212;148
0.015220209956169128;148
0.02134237438440323;148
0.044962815940380096;148
0.02613711729645729;148
0.029152104631066322;148
0.013157311826944351;148
0.036607660353183746;148
0.028679832816123962;148
0.006211152300238609;149
0.0027963563334196806;149
0.0020475282799452543;149
0.016221560537815094;149
0.008480065502226353;149
0.0035726455971598625;149
0.0027731070294976234;149
0.021896347403526306;149
0.042712945491075516;149
0.026344459503889084;149
0.026865040883421898;149
0.05210348218679428;149
0.032430343329906464;149
0.02165338397026062;149
0.003952978178858757;149
0.002002179156988859;149
0.004709943197667599;150
0.001789294183254242;150
0.0016858864109963179;150
0.03584376722574234;150
0.0297063197940588;150
0.0017142952419817448;150
0.0038070795126259327;150
0.02841983735561371;150
0.024430548772215843;150
0.023449178785085678;150
0.02704460360109806;150
0.060324594378471375;150
0.0435163751244545;150
0.007743971887975931;150
0.023301979526877403;150
0.01932060718536377;151
0.0013739713467657566;151
0.002715508220717311;151
0.0020337465684860945;151
0.0013719878625124693;151
0.008561174385249615;151
0.01703045889735222;151
0.03677891567349434;151
0.03164699301123619;151
0.02897549234330654;151
0.024257531389594078;151
0.03601379320025444;151
0.02455071546137333;151
0.01258498802781105;151
0.028101183474063873;151
0.001643254654482007;152
0.0012481232406571507;152
0.019249333068728447;152
0.013549413532018661;152
0.018652908504009247;152
0.008862154558300972;152
0.018022479489445686;152
0.002032396849244833;152
0.007954660803079605;152
0.028835399076342583;152
0.028356263414025307;152
0.03583177924156189;152
0.028706111013889313;152
0.06531956046819687;152
0.02282104268670082;152
0.012773340567946434;153
0.023064633831381798;153
0.0022882609628140926;153
0.002843763679265976;153
0.0697321742773056;153
0.004096001386642456;153
0.029122604057192802;153
0.04638265445828438;153
0.026106096804142;153
0.044182807207107544;153
0.02277139201760292;153
0.014748184010386467;153
0.018276480957865715;153
0.027053698897361755;153
0.02147364616394043;153
0.024117162451148033;153
0.004142544697970152;154
0.00497644767165184;154
0.009540187194943428;154
0.0025706945452839136;154
0.002518037799745798;154
0.0018085958436131477;154
0.01952226087450981;154
0.012263509444892406;154
0.03703833743929863;154
0.020621690899133682;154
0.023212729021906853;154
0.023710548877716064;154
0.01927720569074154;154
0.030439062044024467;154
0.03269897401332855;154
0.0013604629784822464;155
0.0010563335381448269;155
0.0046499911695718765;155
0.0010476915631443262;155
0.004526170901954174;155
0.029200267046689987;155
0.004147995728999376;155
0.046589337289333344;155
0.01539345271885395;155
0.032797589898109436;155
0.029489882290363312;155
0.023950185626745224;155
0.030177555978298187;155
0.02849707566201687;155
0.032224658876657486;155
0.0018419777043163776;156
0.0069593582302331924;156
0.00860138051211834;156
0.0459657646715641;156
0.0020688078366219997;156
0.00710741663351655;156
0.026655089110136032;156
0.0012490934459492564;156
0.0343286395072937;156
0.008058838546276093;156
0.009032748639583588;156
0.02476339228451252;156
0.013333966955542564;156
0.016926057636737823;156
0.02363336645066738;156
0.017861880362033844;156
0.0032745401840656996;157
0.005527975037693977;157
0.03373481333255768;157
0.0011636997805908322;157
0.003287046914920211;157
0.0008125999011099339;157
0.004466027487069368;157
0.021224448457360268;157
0.016219332814216614;157
0.042907990515232086;157
0.035726696252822876;157
0.013216104358434677;157
0.056468069553375244;157
0.015827231109142303;157
0.018301058560609818;157
0.00835831742733717;158
0.018239306285977364;158
0.001525381114333868;158
0.0024390420876443386;158
0.006692835595458746;158
0.0018204026855528355;158
0.014743336476385593;158
0.012750455178320408;158
0.021080046892166138;158
0.0467640720307827;158
0.022854331880807877;158
0.03115134686231613;158
0.013130820356309414;158
0.039001401513814926;158
0.027628540992736816;158
0.005344482138752937;159
0.0029908535070717335;159
0.0015807913150638342;159
0.015295418910682201;159
0.007101536728441715;159
0.003958013840019703;159
0.0030383295379579067;159
0.02184883877635002;159
0.04609089344739914;159
0.026295816525816917;159
0.024714656174182892;159
0.04864921420812607;159
0.0332350991666317;159
0.022436801344156265;159
0.00354258855804801;159
0.0017087210435420275;159
0.005985613912343979;160
0.0017265512142330408;160
0.002081455197185278;160
0.03594993054866791;160
0.032876431941986084;160
0.0018021720461547375;160
0.003167481627315283;160
0.02869836986064911;160
0.023045102134346962;160
0.022601380944252014;160
0.02912943810224533;160
0.05780893936753273;160
0.04185378551483154;160
0.008194814436137676;160
0.0237504281103611;160
0.021224280819296837;161
0.0011826050467789173;161
0.0025530164130032063;161
0.00161612662486732;161
0.001517546596005559;161
0.008706914260983467;161
0.01476106233894825;161
0.03540882468223572;161
0.03383665904402733;161
0.027771178632974625;161
0.023913603276014328;161
0.037798285484313965;161
0.023611534386873245;161
0.012075085192918777;161
0.026886235922574997;161
0.002078364137560129;162
0.0009310311870649457;162
0.01687893085181713;162
0.013294659554958344;162
0.021440889686346054;162
0.009089198894798756;162
0.018759295344352722;162
0.0024003759026527405;162
0.008390912786126137;162
0.028895199298858643;162
0.0287180095911026;162
0.03430911526083946;162
0.02877155691385269;162
0.07005760073661804;162
0.021740173920989037;162
0.00835360400378704;163
0.022959336638450623;163
0.0018892515217885375;163
0.0027776288334280252;163
0.0717424750328064;163
0.004513469524681568;163
0.028799142688512802;163
0.04916268214583397;163
0.026713397353887558;163
0.04187268018722534;163
0.022826721891760826;163
0.01633787900209427;163
0.016216116026043892;163
0.026388458907604218;163
0.020983275026082993;163
0.024675283581018448;163
0.0034126087557524443;164
0.0039124758914113045;164
0.011181561276316643;164
0.002191399922594428;164
0.00258422433398664;164
0.0018202427309006453;164
0.018557732924818993;164
0.013517518527805805;164
0.03835141286253929;164
0.019346315413713455;164
0.021944168955087662;164
0.022603444755077362;164
0.020080413669347763;164
0.027605075389146805;164
0.03555301949381828;164
0.0008448120206594467;165
0.0012201964855194092;165
0.004960787016898394;165
0.0012139467289671302;165
0.004094271454960108;165
0.02673323079943657;165
0.003911527339369059;165
0.04451943188905716;165
0.0158015675842762;165
0.03233113884925842;165
0.028478732332587242;165
0.022854646667838097;165
0.0296640582382679;165
0.028304854407906532;165
0.03200554847717285;165
0.0020070886239409447;166
0.008293748833239079;166
0.010556240566074848;166
0.037538446485996246;166
0.0020420700311660767;166
0.007470277138054371;166
0.026046909391880035;166
0.001261712983250618;166
0.03342797979712486;166
0.007930711843073368;166
0.008785529062151909;166
0.02158506028354168;166
0.01240230817347765;166
0.01584010198712349;166
0.02423148602247238;166
0.01741037890315056;166
0.003334273584187031;167
0.00537504255771637;167
0.03477001190185547;167
0.0011421625968068838;167
0.0034777717664837837;167
0.0009667627746239305;167
0.004931960720568895;167
0.02077028527855873;167
0.01716344989836216;167
0.041116245090961456;167
0.03206424415111542;167
0.014028673991560936;167
0.058267444372177124;167
0.015434342436492443;167
0.017831332981586456;167
0.009844223968684673;168
0.019867559894919395;168
0.0012235136236995459;168
0.002961475169286132;168
0.006912149488925934;168
0.0021183453500270844;168
0.014602407813072205;168
0.014777363277971745;168
0.02026071771979332;168
0.04385465011000633;168
0.023573078215122223;168
0.02992139384150505;168
0.013490071520209312;168
0.037755198776721954;168
0.026645656675100327;168
0.0060157813131809235;169
0.003152840305119753;169
0.0017547582974657416;169
0.01583022251725197;169
0.007249828428030014;169
0.0033168985974043608;169
0.0029667054768651724;169
0.021546412259340286;169
0.04481353238224983;169
0.02724960632622242;169
0.022431228309869766;169
0.050985392183065414;169
0.031551849097013474;169
0.02239835262298584;169
0.003714789403602481;169
0.0018575999420136213;169
0.004583682399243116;170
0.0015115852002054453;170
0.001736404956318438;170
0.03613875061273575;170
0.02855423279106617;170
0.0016422055196017027;170
0.003385641612112522;170
0.029905248433351517;170
0.023288775235414505;170
0.023768451064825058;170
0.027020003646612167;170
0.05832862854003906;170
0.03959594666957855;170
0.008373294025659561;170
0.02301207184791565;170
0.0186479352414608;171
0.0010999820660799742;171
0.0023917932994663715;171
0.0021054707467556;171
0.0016875932924449444;171
0.008392687886953354;171
0.014623944647610188;171
0.03608182445168495;171
0.03382506221532822;171
0.027989283204078674;171
0.024527858942747116;171
0.03648463636636734;171
0.024510027840733528;171
0.011882368475198746;171
0.028735127300024033;171
0.001970411976799369;172
0.0009137431625276804;172
0.01819559559226036;172
0.012447364628314972;172
0.02109217830002308;172
0.008289986290037632;172
0.017660699784755707;172
0.0026170024648308754;172
0.008704674430191517;172
0.02957276813685894;172
0.027892224490642548;172
0.037024155259132385;172
0.024252476170659065;172
0.07099724560976028;172
0.022419370710849762;172
0.009323431178927422;173
0.024950720369815826;173
0.002049852628260851;173
0.0023536814842373133;173
0.07138129323720932;173
0.0039911516942083836;173
0.02739684469997883;173
0.052002523094415665;173
0.026831334456801414;173
0.04132404923439026;173
0.021379739046096802;173
0.01613006368279457;173
0.015988634899258614;173
0.02690046653151512;173
0.020478859543800354;173
0.02473149448633194;173
0.004173514898866415;174
0.00272282469086349;174
0.010532818734645844;174
0.0023102175910025835;174
0.0024324955884367228;174
0.0017461010720580816;174
0.01847004145383835;174
0.012495246715843678;174
0.035675954073667526;174
0.018931904807686806;174
0.021006528288125992;174
0.01597398892045021;174
0.02039463073015213;174
0.02927182987332344;174
0.03163198009133339;174
0.001381543348543346;175
0.00109482544939965;175
0.005005509592592716;175
0.0011790088610723615;175
0.004783676937222481;175
0.027111195027828217;175
0.004026371985673904;175
0.044693831354379654;175
0.015767445787787437;175
0.03354264423251152;175
0.028212394565343857;175
0.020598474889993668;175
0.030349601060152054;175
0.027837950736284256;175
0.03220047801733017;175
0.001892891712486744;176
0.007167215459048748;176
0.010540184564888477;176
0.04027454927563667;176
0.002289916155859828;176
0.005974651779979467;176
0.026264281943440437;176
0.0014933431521058083;176
0.03452472388744354;176
0.007388650439679623;176
0.008986400440335274;176
0.021635981276631355;176
0.013339116238057613;176
0.016508912667632103;176
0.02462160214781761;176
0.01765424758195877;176
0.0032720668241381645;177
0.006007662508636713;177
0.03430192917585373;177
0.0009788104798644781;177
0.0032293940894305706;177
0.0008708623354323208;177
0.0033349625300616026;177
0.019808322191238403;177
0.01780010387301445;177
0.03908633440732956;177
0.032485947012901306;177
0.014312837272882462;177
0.05628186836838722;177
0.015978295356035233;177
0.017576569691300392;177
0.009095669724047184;178
0.01923331245779991;178
0.0015696517657488585;178
0.002406524494290352;178
0.007107465993613005;178
0.0017440427327528596;178
0.013468259945511818;178
0.014759523794054985;178
0.020798051729798317;178
0.04337691515684128;178
0.022135797888040543;178
0.031803425401449203;178
0.013294484466314316;178
0.03599188104271889;178
0.026110373437404633;178
0.00514939334243536;179
0.0027560507878661156;179
0.0016703506698831916;179
0.013752616941928864;179
0.007956813089549541;179
0.0031980504281818867;179
0.00302378018386662;179
0.020230550318956375;179
0.04663607478141785;179
0.024580126628279686;179
0.02464303746819496;179
0.05247661471366882;179
0.033480867743492126;179
0.02324289083480835;179
0.003770403331145644;179
0.0022560041397809982;179
0.0057252198457717896;180
0.001477192621678114;180
0.0016211748588830233;180
0.0339907705783844;180
0.031628601253032684;180
0.0017474486958235502;180
0.002758480142802;180
0.027987785637378693;180
0.023565951734781265;180
0.021794002503156662;180
0.027926206588745117;180
0.05786963179707527;180
0.040396351367235184;180
0.008938508108258247;180
0.021180015057325363;180
0.019004277884960175;181
0.0011585126630961895;181
0.002361343940719962;181
0.001927885226905346;181
0.0015243414090946317;181
0.008246174082159996;181
0.01354206446558237;181
0.034963347017765045;181
0.03314146399497986;181
0.02446630224585533;181
0.023215554654598236;181
0.0345517098903656;181
0.02208179421722889;181
0.011217081919312477;181
0.02766992524266243;181
0.002062285551801324;182
0.0011645406484603882;182
0.017562558874487877;182
0.011041718535125256;182
0.019888661801815033;182
0.008248724974691868;182
0.01780715584754944;182
0.0021644800435751677;182
0.008738880977034569;182
0.02689291536808014;182
0.031191864982247353;182
0.03690357878804207;182
0.02550448104739189;182
0.07201533019542694;182
0.021453725174069405;182
0.012921915389597416;183
0.024849755689501762;183
0.0023549143224954605;183
0.00196265522390604;183
0.07175884395837784;183
0.004339064471423626;183
0.028343405574560165;183
0.045073796063661575;183
0.02561173401772976;183
0.04158131405711174;183
0.021001137793064117;183
0.01590685360133648;183
0.016124367713928223;183
0.027908727526664734;183
0.020717794075608253;183
0.024655386805534363;183
0.0031552277505397797;184
0.0036635324358940125;184
0.011655687354505062;184
0.002701769582927227;184
0.0026646126061677933;184
0.0015354790957644582;184
0.01897551491856575;184
0.013946805149316788;184
0.034076206386089325;184
0.018873658031225204;184
0.02295076474547386;184
0.017986377701163292;184
0.019080352038145065;184
0.0304308719933033;184
0.03132125735282898;184
0.0011203594040125608;185
0.0013873850693926215;185
0.0044221458956599236;185
0.0010683662258088589;185
0.00454908050596714;185
0.025883864611387253;185
0.003967254422605038;185
0.045119404792785645;185
0.016074685379862785;185
0.0326772965490818;185
0.028127193450927734;185
0.021819598972797394;185
0.025598501786589622;185
0.027270084246993065;185
0.03474796563386917;185
0.0017573488876223564;186
0.008750982582569122;186
0.008435338735580444;186
0.03855462372303009;186
0.002224572002887726;186
0.007385062985122204;186
0.02465657889842987;186
0.001095612533390522;186
0.034536875784397125;186
0.007667450234293938;186
0.008640216663479805;186
0.02176542580127716;186
0.01384988147765398;186
0.015578769147396088;186
0.022975027561187744;186
0.016868341714143753;186
0.003042270429432392;187
0.005777485202997923;187
0.033212810754776;187
0.0014117795508354902;187
0.0035305016208440065;187
0.000911461072973907;187
0.004126678220927715;187
0.018516846001148224;187
0.01719420775771141;187
0.041182518005371094;187
0.03146786987781525;187
0.01435816753655672;187
0.057105787098407745;187
0.017737239599227905;187
0.017655549570918083;187
0.008818617090582848;188
0.018911460414528847;188
0.0014573067892342806;188
0.002554789651185274;188
0.006399421487003565;188
0.0019301475258544087;188
0.013676629401743412;188
0.014827108941972256;188
0.019421935081481934;188
0.04255808889865875;188
0.023342423141002655;188
0.028368789702653885;188
0.012890043668448925;188
0.03166477754712105;188
0.0280441977083683;188
0.005454713013023138;189
0.0021330630406737328;189
0.0017100560944527388;189
0.013032468035817146;189
0.007102711591869593;189
0.0036473716609179974;189
0.002554316772148013;189
0.018905168399214745;189
0.04244798421859741;189
0.026263246312737465;189
0.020511040464043617;189
0.04900470748543739;189
0.035545170307159424;189
0.023049738258123398;189
0.0034193748142570257;189
0.0018621109193190932;189
0.006486167665570974;190
0.0020396565087139606;190
0.001825347077101469;190
0.036338359117507935;190
0.03114262968301773;190
0.0019519133493304253;190
0.0029891086742281914;190
0.02830946072936058;190
0.023019393905997276;190
0.019926343113183975;190
0.02538229152560234;190
0.05699171498417854;190
0.03909338265657425;190
0.008752165362238884;190
0.021791057661175728;190
0.015680506825447083;191
0.0009732265025377274;191
0.0021377706434577703;191
0.001964419148862362;191
0.0015490764053538442;191
0.008414674550294876;191
0.013946817256510258;191
0.03584454953670502;191
0.03528836369514465;191
0.02361799031496048;191
0.021714041009545326;191
0.035823650658130646;191
0.02078356221318245;191
0.011582840234041214;191
0.03022538498044014;191
0.0018028337508440018;192
0.001095881569199264;192
0.018221769481897354;192
0.013067190535366535;192
0.017351677641272545;192
0.009621450677514076;192
0.017580734565854073;192
0.002392012160271406;192
0.008703755214810371;192
0.02586728148162365;192
0.025910507887601852;192
0.03699205815792084;192
0.023341573774814606;192
0.07189980894327164;192
0.022148288786411285;192
0.008802801370620728;193
0.02726651355624199;193
0.0019022022606804967;193
0.0029090880416333675;193
0.07084286212921143;193
0.004738901741802692;193
0.02846071869134903;193
0.0460546500980854;193
0.025429947301745415;193
0.03849528357386589;193
0.021345552057027817;193
0.015739278867840767;193
0.014962596818804741;193
0.027563072741031647;193
0.021275857463479042;193
0.02248440310359001;193
0.003424185561016202;194
0.0031189636792987585;194
0.008408118039369583;194
0.002892538672313094;194
0.0025537926703691483;194
0.001781155471689999;194
0.018778111785650253;194
0.012461747974157333;194
0.033889297395944595;194
0.018491193652153015;194
0.02179838716983795;194
0.01670749858021736;194
0.02025303803384304;194
0.028500579297542572;194
0.03186555951833725;194
0.0013125388650223613;195
0.000992877990938723;195
0.004286871291697025;195
0.0012899100547656417;195
0.004758046008646488;195
0.024098627269268036;195
0.004383262246847153;195
0.046013735234737396;195
0.015504617244005203;195
0.029240470379590988;195
0.028525736182928085;195
0.020627472549676895;195
0.027662428095936775;195
0.02836862951517105;195
0.03085177019238472;195
0.0019478218164294958;196
0.007916555739939213;196
0.009961876086890697;196
0.03543349355459213;196
0.001548766391351819;196
0.004758736584335566;196
0.025233173742890358;196
0.0013130014995113015;196
0.031436167657375336;196
0.008452075533568859;196
0.009239819832146168;196
0.02133689820766449;196
0.01350617129355669;196
0.01673481985926628;196
0.02321641519665718;196
0.01677168346941471;196
0.002748300787061453;197
0.0030634612776339054;197
0.03430910408496857;197
0.0011312058195471764;197
0.0035627742763608694;197
0.0007684934535063803;197
0.003961049485951662;197
0.01981661096215248;197
0.015947438776493073;197
0.039890263229608536;197
0.026122264564037323;197
0.01352781429886818;197
0.05537494271993637;197
0.018036630004644394;197
0.0170576311647892;197
0.0087567288428545;198
0.017401643097400665;198
0.00181152718141675;198
0.002473610918968916;198
0.008036477491259575;198
0.002080706413835287;198
0.01367378979921341;198
0.015638018026947975;198
0.019550126045942307;198
0.044861841946840286;198
0.02098706364631653;198
0.02810712158679962;198
0.012798162177205086;198
0.03415343165397644;198
0.026255520060658455;198
0.004682046826928854;199
0.002824673894792795;199
0.0017636341508477926;199
0.01380271464586258;199
0.005374710541218519;199
0.003563767997547984;199
0.0032473071478307247;199
0.020198065787553787;199
0.04474743455648422;199
0.024865318089723587;199
0.023444924503564835;199
0.04904811084270477;199
0.03349759429693222;199
0.022304529324173927;199
0.0037712883204221725;199
0.002574410056695342;199