,model,label,model_output
0,XGBoost,5.120000000000008,10.14627450245619
1,XGBoost,1.3050000000000157,10.14627450245619
2,XGBoost,26.980000000000025,32.02202186501027
3,XGBoost,39.886,43.81335961073638
4,XGBoost,90.225,82.99054690605404
5,XGBoost,269.742,247.6355028482974
6,XGBoost,279.35099999999994,273.4791540639699
7,XGBoost,56.448999999999955,92.73028724670412
8,XGBoost,63.72099999999999,61.656510646700866
9,XGBoost,106.96000000000001,102.66661335182191
10,XGBoost,60.794000000000004,64.45340547966958
11,XGBoost,33.04499999999998,50.81011171245576
12,XGBoost,35.784000000000006,36.85051576000453
13,XGBoost,35.20000000000001,37.22047370487452
14,XGBoost,36.89399999999999,40.839854553222665
15,XGBoost,35.97799999999998,37.22047370487452
16,XGBoost,37.152999999999984,40.839854553222665
17,XGBoost,38.053000000000004,39.619134714543826
18,XGBoost,36.90199999999999,37.22047370487452
19,XGBoost,34.367000000000004,37.22047370487452
20,XGBoost,8.627000000000013,28.011384950459007
21,XGBoost,0.16900000000001283,10.14627450245619
22,XGBoost,0.0,10.14627450245619
23,XGBoost,0.0,10.14627450245619
24,XGBoost,0.0,10.14627450245619
25,XGBoost,0.0,10.14627450245619
26,XGBoost,0.0,10.14627450245619
27,XGBoost,0.0,10.14627450245619
28,XGBoost,1.3109999999999806,13.76565535080433
29,XGBoost,39.693,47.47973770540953
30,XGBoost,60.03499999999999,61.79143675369025
31,XGBoost,71.54899999999996,70.76485518264772
32,XGBoost,70.29700000000001,63.57774257034065
33,XGBoost,66.663,63.57774257034065
34,XGBoost,66.26699999999997,61.937125936985026
35,XGBoost,58.24700000000005,53.755933772861965
36,XGBoost,41.84000000000003,46.23847224861384
37,XGBoost,41.00300000000001,40.43708290749789
38,XGBoost,44.115,44.05646375584603
39,XGBoost,106.40100000000001,101.0171034986377
40,XGBoost,451.1140000000001,425.8770916575641
41,XGBoost,194.19100000000017,164.76559588968757
42,XGBoost,41.809999999999995,70.74419554889204
43,XGBoost,34.19,38.29862838876248
44,XGBoost,5.699999999999982,25.873363691151145
45,XGBoost,0.0,10.14627450245619
46,XGBoost,0.0,10.14627450245619
47,XGBoost,0.0,10.14627450245619
48,XGBoost,0.0,10.14627450245619
49,XGBoost,0.0,10.14627450245619
50,XGBoost,0.0,10.14627450245619
51,XGBoost,0.0,10.14627450245619
52,XGBoost,31.829999999999995,37.330042733788495
53,XGBoost,107.01800000000004,104.76165071529151
54,XGBoost,98.198,90.50481599241496
55,XGBoost,80.32799999999999,78.87969024497272
56,XGBoost,76.38500000000002,68.81028508621455
57,XGBoost,73.07300000000005,68.81028508621455
58,XGBoost,47.425000000000026,57.08425549840928
59,XGBoost,46.88599999999997,47.04045825213195
60,XGBoost,48.40000000000001,50.659839100480085
61,XGBoost,46.723999999999975,47.04045825213195
62,XGBoost,54.233000000000004,55.837266456544405
63,XGBoost,152.25499999999997,135.77253628891708
64,XGBoost,463.8090000000001,454.5069487400652
65,XGBoost,227.01600000000008,211.3219779440463
66,XGBoost,47.68099999999998,86.5182135745287
67,XGBoost,50.64499999999999,50.659839100480085
68,XGBoost,20.173999999999992,34.283704486191276
69,XGBoost,0.30100000000000776,10.917590299129488
70,XGBoost,0.0,10.14627450245619
71,XGBoost,0.0,10.14627450245619
72,XGBoost,0.0,10.14627450245619
73,XGBoost,0.0,10.14627450245619
74,XGBoost,95.05100000000002,113.23207775199415
75,XGBoost,344.99599999999987,313.9749208207727
76,XGBoost,328.5830000000001,311.5779814472497
77,XGBoost,124.76999999999997,128.80271468108896
78,XGBoost,55.40600000000003,64.69692008107901
79,XGBoost,72.89800000000002,68.35476980596782
80,XGBoost,70.03399999999999,63.57774257034065
81,XGBoost,63.970000000000006,63.57774257034065
82,XGBoost,63.32299999999994,57.30362158751488
83,XGBoost,36.09300000000001,50.81011171245576
84,XGBoost,36.77800000000003,37.22047370487452
85,XGBoost,42.30700000000001,44.905310186922556
86,XGBoost,41.68799999999999,40.43708290749789
87,XGBoost,35.901999999999994,40.43708290749789
88,XGBoost,252.56499999999997,259.2874906802476
89,XGBoost,125.93200000000007,120.41971483623983
90,XGBoost,43.82200000000003,60.014274991273886
91,XGBoost,53.41399999999996,50.97577643567325
92,XGBoost,40.96500000000002,46.82289361011983
93,XGBoost,4.117999999999989,27.33002749282122
94,XGBoost,0.0,10.14627450245619
95,XGBoost,0.0,10.14627450245619
96,XGBoost,0.0,10.14627450245619
97,XGBoost,0.0,10.14627450245619
98,XGBoost,0.0,10.14627450245619
99,XGBoost,0.8530000000000175,10.14627450245619
100,XGBoost,3.436999999999988,13.76565535080433
101,XGBoost,33.857000000000006,37.330042733788495
102,XGBoost,34.51100000000002,35.08245244556666
103,XGBoost,33.67000000000001,37.22047370487452
104,XGBoost,37.54199999999999,36.85051576000453
105,XGBoost,37.321999999999996,37.22047370487452
106,XGBoost,65.654,61.48589764475823
107,XGBoost,60.400000000000006,57.30362158751488
108,XGBoost,56.537,57.30362158751488
109,XGBoost,53.791,52.73198212367297
110,XGBoost,39.33000000000001,46.82289361011983
111,XGBoost,38.94700000000002,37.22047370487452
112,XGBoost,401.7749999999999,396.6529494356029
113,XGBoost,121.22199999999998,145.22513964474203
114,XGBoost,35.228000000000016,60.014274991273886
115,XGBoost,40.137,44.905310186922556
116,XGBoost,43.97000000000002,44.05646375584603
117,XGBoost,26.211000000000027,35.35280632835627
118,XGBoost,23.71099999999999,32.25689408099652
119,XGBoost,5.341000000000015,16.664434558629992
120,XGBoost,0.3189999999999878,10.14627450245619
121,XGBoost,2.8219999999999845,13.76565535080433
122,XGBoost,0.08300000000000454,10.14627450245619
123,XGBoost,13.548999999999987,27.965983923077587
124,XGBoost,10.298000000000018,11.727283759832384
125,XGBoost,36.34400000000001,34.418972640097145
126,XGBoost,67.29000000000002,58.14097524219752
127,XGBoost,65.73200000000001,61.937125936985026
128,XGBoost,62.06300000000002,57.30362158751488
129,XGBoost,61.81199999999997,57.30362158751488
130,XGBoost,59.932000000000016,57.30362158751488
131,XGBoost,56.26799999999997,57.30362158751488
132,XGBoost,39.87800000000001,45.05877523678542
133,XGBoost,35.706999999999965,40.43708290749789
134,XGBoost,36.208,37.22047370487452
135,XGBoost,36.22099999999998,37.22047370487452
136,XGBoost,297.5719999999999,291.9240682401061
137,XGBoost,108.08799999999997,121.14248277390006
138,XGBoost,37.54999999999998,55.88412688410283
139,XGBoost,49.029000000000025,49.374312772691255
140,XGBoost,20.027999999999995,34.283704486191276
141,XGBoost,0.0,10.917590299129488
142,XGBoost,0.0,10.14627450245619
143,XGBoost,113.08299999999996,159.521925447464
144,XGBoost,29.84400000000002,51.26678995221854
145,XGBoost,0.0,23.047805326581006
146,XGBoost,0.0,10.14627450245619
147,XGBoost,0.0,10.14627450245619
148,XGBoost,258.51399999999995,279.2633612483144
149,XGBoost,63.887,90.95613549715281
150,XGBoost,321.515,294.50008627675476
151,XGBoost,225.938,220.0475719804466
152,XGBoost,112.09999999999998,112.06414715409281
153,XGBoost,343.5829999999999,313.42544525256756
154,XGBoost,101.34399999999995,125.14643837201598
155,XGBoost,60.36000000000003,64.5718449252844
156,XGBoost,49.05699999999999,53.755933772861965
157,XGBoost,37.201,42.31106675040723
158,XGBoost,43.28999999999999,44.905310186922556
159,XGBoost,41.714999999999975,40.43708290749789
160,XGBoost,43.029,44.05646375584603
161,XGBoost,44.275000000000006,44.05646375584603
162,XGBoost,47.648000000000025,46.091870940208445
163,XGBoost,41.19900000000001,44.82004929220677
164,XGBoost,8.616999999999987,27.33002749282122
165,XGBoost,1.848000000000014,10.14627450245619
166,XGBoost,108.12400000000001,145.0620972812176
167,XGBoost,0.0,51.26678995221854
168,XGBoost,58.846999999999994,72.01533310306074
169,XGBoost,0.0,40.82085954779387
170,XGBoost,0.0,10.14627450245619
171,XGBoost,23.42699999999999,32.02202186501027
172,XGBoost,27.329000000000008,23.229637467384343
173,XGBoost,78.84,71.85493590235711
174,XGBoost,127.69100000000005,127.71822072768214
175,XGBoost,122.698,112.45278086060287
176,XGBoost,103.425,102.98239106512071
177,XGBoost,107.22499999999997,91.84910598045589
178,XGBoost,66.34199999999998,70.032988797009
179,XGBoost,51.94099999999999,52.57423008579016
180,XGBoost,43.04399999999998,45.29615579682589
181,XGBoost,49.70099999999997,48.12191938954592
182,XGBoost,458.7159999999999,423.92878672048454
183,XGBoost,440.64,419.386791322738
184,XGBoost,452.7239999999999,447.27436669099336
185,XGBoost,103.139,138.56808573734762
186,XGBoost,44.06900000000002,55.69036870747806
187,XGBoost,139.888,127.80998051381113
188,XGBoost,251.326,254.47776375940447
189,XGBoost,0.0,82.14416321277619
190,XGBoost,0.0,10.14627450245619
191,XGBoost,0.0,10.14627450245619
192,XGBoost,0.0,10.14627450245619
193,XGBoost,0.0,10.14627450245619
194,XGBoost,0.0,10.14627450245619
195,XGBoost,1.6559999999999868,13.76565535080433
196,XGBoost,17.043000000000003,30.182721579432492
197,XGBoost,48.59300000000002,38.91105199116469
198,XGBoost,64.10299999999997,62.53552561581136
199,XGBoost,76.204,70.76485518264772
200,XGBoost,74.20399999999997,68.81028508621455
201,XGBoost,87.52300000000002,86.52913627272845
202,XGBoost,64.55299999999998,70.257668014884
203,XGBoost,47.597,50.81011171245576
204,XGBoost,60.76400000000001,59.19427451682092
205,XGBoost,55.115,57.30362158751488
206,XGBoost,47.490999999999985,48.00459729719163
207,XGBoost,51.203,50.659839100480085
208,XGBoost,410.36099999999993,384.4350155856717
209,XGBoost,138.49099999999993,145.22513964474203
210,XGBoost,52.00900000000002,64.58867363357545
211,XGBoost,57.443999999999996,54.30827113360167
212,XGBoost,2.9340000000000113,36.249220083951954
213,XGBoost,0.0,10.14627450245619
214,XGBoost,0.0,10.14627450245619
215,XGBoost,0.0,10.14627450245619
216,XGBoost,0.0,10.14627450245619
217,XGBoost,0.0,10.14627450245619
218,XGBoost,0.0,10.14627450245619
219,XGBoost,0.0,10.14627450245619
220,XGBoost,8.933999999999985,22.330874989628796
221,XGBoost,69.02699999999997,72.01533310306074
222,XGBoost,73.288,67.19712341868879
223,XGBoost,136.25399999999996,136.3476311711669
224,XGBoost,99.76600000000002,95.57623160749675
225,XGBoost,84.73899999999999,81.0060819091201
226,XGBoost,79.22199999999998,68.81028508621455
227,XGBoost,58.671,62.31679801428319
228,XGBoost,61.27299999999999,60.923002435863026
229,XGBoost,53.39900000000003,53.755933772861965
230,XGBoost,52.54200000000003,51.55228511184455
231,XGBoost,54.33000000000001,52.463224459826954
232,XGBoost,50.919000000000004,51.55228511184455
233,XGBoost,55.23400000000005,54.72527193105222
234,XGBoost,51.81100000000003,51.55228511184455
235,XGBoost,52.174000000000014,48.84384361147881
236,XGBoost,22.94300000000001,36.087089845538145
237,XGBoost,0.280999999999997,16.664434558629992
238,XGBoost,0.0,10.14627450245619
239,XGBoost,0.0,10.14627450245619
240,XGBoost,0.0,10.14627450245619
241,XGBoost,19.616000000000017,32.02202186501027
242,XGBoost,14.954999999999988,13.863412359535696
243,XGBoost,11.152999999999983,11.727283759832384
244,XGBoost,23.77300000000001,32.583343658089646
245,XGBoost,55.612000000000016,46.79402485036851
246,XGBoost,53.78199999999998,51.55228511184455
247,XGBoost,72.301,68.35476980596782
248,XGBoost,88.47899999999997,92.8463551670313
249,XGBoost,72.97600000000004,70.257668014884
250,XGBoost,68.006,63.57774257034065
251,XGBoost,52.013,55.443638865053664
252,XGBoost,46.01300000000002,48.84384361147881
253,XGBoost,113.47200000000001,107.483546061039
254,XGBoost,448.6320000000002,424.3893585943133
255,XGBoost,440.9090000000001,438.78577126224343
256,XGBoost,453.739,447.27436669099336
257,XGBoost,224.75400000000008,181.66385372042657
258,XGBoost,36.41999999999999,78.70558836448194
259,XGBoost,55.838000000000015,58.57482755106688
260,XGBoost,53.65299999999999,51.55228511184455
261,XGBoost,36.128000000000036,45.05877523678542
262,XGBoost,39.379000000000005,40.839854553222665
263,XGBoost,27.406000000000006,36.03877001780272
264,XGBoost,28.208000000000002,32.25689408099652
265,XGBoost,29.63800000000003,35.87627492934466
266,XGBoost,145.54199999999997,163.23904050141576
267,XGBoost,382.675,350.884422571525
268,XGBoost,76.07100000000003,129.57583192485572
269,XGBoost,55.204000000000015,62.31679801428319
270,XGBoost,60.096,60.54451612120868
271,XGBoost,59.82299999999999,57.30362158751488
272,XGBoost,40.99400000000004,50.81011171245576
273,XGBoost,44.683999999999976,44.05646375584603
274,XGBoost,83.33199999999998,76.49810877799989
275,XGBoost,69.15,64.08091638761759
276,XGBoost,73.44099999999995,67.19712341868879
277,XGBoost,69.96799999999999,63.57774257034065
278,XGBoost,42.657000000000004,57.08425549840928
279,XGBoost,46.98899999999998,48.12191938954592
280,XGBoost,436.901,411.44564198382204
281,XGBoost,143.58200000000014,138.56808573734762
282,XGBoost,43.54300000000002,61.02846690177918
283,XGBoost,54.828,52.59092197531462
284,XGBoost,49.433,51.55228511184455
285,XGBoost,26.433000000000007,40.546948377072816
286,XGBoost,31.652999999999984,39.94173056304455
287,XGBoost,16.409000000000006,27.090663060665136
288,XGBoost,23.632000000000005,26.78735865825415
289,XGBoost,37.598999999999975,42.04732577466965
290,XGBoost,30.09799999999998,37.22047370487452
291,XGBoost,35.338000000000015,39.94173056304455
292,XGBoost,42.93000000000001,46.01730471241475
293,XGBoost,84.78800000000003,78.89059014004471
294,XGBoost,68.67100000000002,62.31679801428319
295,XGBoost,69.47999999999999,63.57774257034065
296,XGBoost,127.82,127.4395893095136
297,XGBoost,102.70300000000005,101.12607964622975
298,XGBoost,82.86799999999997,82.09785006028415
299,XGBoost,87.44400000000005,72.42968873769046
300,XGBoost,73.93700000000003,72.02178638821842
301,XGBoost,114.70199999999993,113.19832912290099
302,XGBoost,477.031,458.08229674869784
303,XGBoost,445.0010000000001,421.4101812587679
304,XGBoost,457.0610000000001,447.27436669099336
305,XGBoost,163.67199999999997,156.88068476462365
306,XGBoost,48.91599999999998,69.65058034437897
307,XGBoost,60.33200000000002,59.19427451682092
308,XGBoost,63.741,60.923002435863026
309,XGBoost,29.551000000000005,46.8302134141326
310,XGBoost,71.30400000000002,67.75497913634779
311,XGBoost,53.14200000000002,50.821011607527744
312,XGBoost,35.25800000000001,38.79553134590388
313,XGBoost,89.03699999999999,82.41510997688772
314,XGBoost,182.34199999999998,165.11934081071618
315,XGBoost,106.95799999999997,109.05069101673367
316,XGBoost,123.992,123.44240624034407
317,XGBoost,139.537,138.86580337345603
318,XGBoost,246.563,254.47776375940447
319,XGBoost,153.747,148.4374390562177
320,XGBoost,133.71799999999996,116.00117557221652
321,XGBoost,156.19899999999996,156.2285837199092
322,XGBoost,98.893,94.1123848205805
323,XGBoost,72.36300000000003,76.17289056980611
324,XGBoost,59.857000000000006,58.84837387174369
325,XGBoost,63.60900000000001,60.923002435863026
326,XGBoost,60.175000000000026,57.30362158751488
327,XGBoost,100.12100000000001,102.66661335182191
328,XGBoost,464.119,435.7987838554383
329,XGBoost,168.8199999999999,172.78778184390072
330,XGBoost,68.94400000000002,69.65058034437897
331,XGBoost,57.60899999999999,60.03007755881549
332,XGBoost,57.643,52.73198212367297
333,XGBoost,5.325999999999997,36.249220083951954
334,XGBoost,0.0,10.14627450245619
335,XGBoost,0.0,10.14627450245619
336,XGBoost,0.0,10.14627450245619
337,XGBoost,1.8390000000000029,13.76565535080433
338,XGBoost,179.84699999999998,228.7087699840367
339,XGBoost,90.31300000000003,105.4717629170418
340,XGBoost,87.24399999999997,76.75117788994314
341,XGBoost,225.619,203.11654605510833
342,XGBoost,115.22399999999999,119.00113225793841
343,XGBoost,123.19100000000003,112.95166768985989
344,XGBoost,121.59199999999998,111.51292714661362
345,XGBoost,118.37800000000003,111.51292714661362
346,XGBoost,108.90599999999999,105.92821312552692
347,XGBoost,57.54399999999997,61.15151257920266
348,XGBoost,52.734000000000016,52.73198212367297
349,XGBoost,93.56799999999993,90.69191565573217
350,XGBoost,455.11299999999994,415.79820894882835
351,XGBoost,450.2889999999998,440.1949817550332
352,XGBoost,452.98300000000006,447.27436669099336
353,XGBoost,192.78799999999998,164.76559588968757
354,XGBoost,54.513000000000034,77.35530115383865
355,XGBoost,51.68000000000001,51.55228511184455
356,XGBoost,4.4360000000000035,32.3610815717578
357,XGBoost,0.0,10.14627450245619
358,XGBoost,0.0,10.14627450245619
359,XGBoost,0.0,10.14627450245619
360,XGBoost,0.0,10.14627450245619
361,XGBoost,0.0,10.14627450245619
362,XGBoost,0.0,10.14627450245619
363,XGBoost,0.0,10.14627450245619
364,XGBoost,31.445000000000007,37.330042733788495
365,XGBoost,69.70299999999999,63.32709058994056
366,XGBoost,93.79799999999994,102.10025206750633
367,XGBoost,106.85999999999994,100.69334469062092
368,XGBoost,238.30199999999996,239.24714426842337
369,XGBoost,213.96899999999988,220.4189437192381
370,XGBoost,91.84899999999999,105.19304028636219
371,XGBoost,78.26100000000004,80.64380861830712
372,XGBoost,68.003,65.2626200746894
373,XGBoost,53.419999999999966,57.20775723838807
374,XGBoost,55.19800000000001,55.17166596019269
375,XGBoost,302.61099999999993,282.01350966936354
376,XGBoost,446.7790000000001,443.7396139505655
377,XGBoost,295.05500000000006,262.559465877086
378,XGBoost,58.22099999999999,95.15770300048591
379,XGBoost,56.190000000000005,52.73198212367297
380,XGBoost,10.87499999999999,35.06952307212353
381,XGBoost,0.0,10.14627450245619
382,XGBoost,0.0,10.14627450245619
383,XGBoost,0.0,10.14627450245619
384,XGBoost,0.0,10.14627450245619
385,XGBoost,0.0,10.14627450245619
386,XGBoost,0.0,10.14627450245619
387,XGBoost,0.20700000000000365,10.14627450245619
388,XGBoost,24.39399999999998,34.418972640097145
389,XGBoost,59.15399999999997,56.943719821989546
390,XGBoost,69.326,69.14970964300633
391,XGBoost,63.298000000000016,63.57774257034065
392,XGBoost,43.38599999999998,50.81011171245576
393,XGBoost,68.11800000000004,61.79143675369025
394,XGBoost,83.92299999999999,85.04611205536128
395,XGBoost,54.07399999999998,58.83170478534699
396,XGBoost,47.66099999999997,51.55228511184455
397,XGBoost,92.55899999999997,88.8885302963853
398,XGBoost,447.6599999999999,415.79820894882835
399,XGBoost,449.6000000000001,447.27436669099336
400,XGBoost,446.3759999999998,440.70717991012344
401,XGBoost,169.32199999999986,157.8880813430548
402,XGBoost,46.186000000000014,69.65058034437897
403,XGBoost,51.460999999999984,50.157326573908335
404,XGBoost,40.27100000000003,45.29615579682589
405,XGBoost,9.521000000000026,29.089539634346966
406,XGBoost,4.233999999999992,10.14627450245619
407,XGBoost,6.261000000000004,13.76565535080433
408,XGBoost,6.761999999999992,10.14627450245619
409,XGBoost,11.96600000000002,17.831110984504225
410,XGBoost,1.916,10.14627450245619
411,XGBoost,7.8380000000000045,19.477017943501476
412,XGBoost,18.480000000000015,26.948211921513085
413,XGBoost,42.41800000000002,38.13611049717665
414,XGBoost,93.23799999999994,82.99054690605404
415,XGBoost,90.374,85.37317731690408
416,XGBoost,88.14799999999997,76.75117788994314
417,XGBoost,90.95299999999995,80.37055873829128
418,XGBoost,91.17399999999999,84.12436402481795
419,XGBoost,45.05100000000002,54.52528850054742
420,XGBoost,38.106000000000016,38.92482508033515
421,XGBoost,45.79799999999998,46.01730471241475
422,XGBoost,32.55,37.743121393263344
423,XGBoost,33.12699999999997,33.23113491165638
424,XGBoost,435.802,409.4102376498506
425,XGBoost,152.25099999999998,157.8880813430548
426,XGBoost,39.142,61.024362338781366
427,XGBoost,39.252,37.22047370487452
428,XGBoost,6.819999999999993,26.25187280893326
429,XGBoost,0.0,10.14627450245619
430,XGBoost,0.0,10.14627450245619
431,XGBoost,0.0,10.14627450245619
432,XGBoost,0.07200000000000496,10.14627450245619
433,XGBoost,0.0,10.14627450245619
434,XGBoost,0.0,10.14627450245619
435,XGBoost,0.0,10.14627450245619
436,XGBoost,2.8850000000000207,13.76565535080433
437,XGBoost,33.70900000000002,37.330042733788495
438,XGBoost,64.962,54.15163644897939
439,XGBoost,53.18699999999999,52.57423008579016
440,XGBoost,41.18399999999999,46.82289361011983
441,XGBoost,45.276,44.05646375584603
442,XGBoost,101.27499999999995,91.0120487664342
443,XGBoost,78.58499999999998,77.26465872097016
444,XGBoost,100.83799999999998,107.33279458338023
445,XGBoost,101.06099999999996,90.62838614177706
446,XGBoost,444.6740000000001,425.8770916575641
447,XGBoost,451.2400000000001,447.27436669099336
448,XGBoost,450.62400000000014,440.70717991012344
449,XGBoost,207.11800000000002,181.66385372042657
450,XGBoost,51.817000000000036,92.06512000977995
451,XGBoost,58.273000000000025,56.52865729039908
452,XGBoost,31.817000000000004,41.62113531672955
453,XGBoost,6.662999999999996,23.047805326581006
454,XGBoost,7.63500000000002,12.544935512125495
455,XGBoost,14.800999999999993,22.985963244080548
456,XGBoost,7.546000000000008,11.727283759832384
457,XGBoost,0.18099999999998534,10.14627450245619
458,XGBoost,0.050000000000005804,10.14627450245619
459,XGBoost,10.341000000000001,22.330874989628796
460,XGBoost,29.395000000000024,32.579672354519374
461,XGBoost,84.92299999999997,79.97905183768273
462,XGBoost,75.58100000000003,68.15551607555152
463,XGBoost,84.79099999999998,84.91399073308708
464,XGBoost,156.20599999999993,148.0466162494421
465,XGBoost,157.34599999999995,149.24476099163297
466,XGBoost,103.65700000000004,107.99837227660419
467,XGBoost,81.93100000000001,82.09785006028415
468,XGBoost,72.20800000000001,65.2626200746894
469,XGBoost,63.851,60.03007755881549
470,XGBoost,41.718000000000025,50.81011171245576
471,XGBoost,50.956999999999994,50.97577643567325
472,XGBoost,419.03799999999995,403.8117263112702
473,XGBoost,121.83900000000001,138.34092097854617
474,XGBoost,53.93600000000002,67.74116044092179
475,XGBoost,58.024000000000015,55.17166596019269
476,XGBoost,5.961000000000011,36.249220083951954
477,XGBoost,0.0,10.14627450245619
478,XGBoost,0.0,10.14627450245619
479,XGBoost,0.0,10.14627450245619
480,XGBoost,0.0,10.14627450245619
481,XGBoost,0.0,10.14627450245619
482,XGBoost,0.0,10.14627450245619
483,XGBoost,0.0,10.14627450245619
484,XGBoost,2.1730000000000094,13.76565535080433
485,XGBoost,36.39599999999996,47.47973770540953
486,XGBoost,47.552000000000035,49.374312772691255
487,XGBoost,96.85500000000003,92.9885098655224
488,XGBoost,77.40899999999999,78.87969024497272
489,XGBoost,87.08899999999997,84.91399073308708
490,XGBoost,61.39399999999999,70.257668014884
491,XGBoost,43.988,50.81011171245576
492,XGBoost,52.08300000000001,49.233913915038116
493,XGBoost,99.14399999999999,94.79189522486926
494,XGBoost,445.7019999999999,421.54544371189183
495,XGBoost,455.7420000000001,447.27436669099336
496,XGBoost,447.74300000000005,438.78577126224343
497,XGBoost,199.00999999999985,181.66385372042657
498,XGBoost,52.26200000000001,74.65992584568264
499,XGBoost,50.89599999999999,48.84384361147881
500,XGBoost,38.598000000000035,36.04782285952569
501,XGBoost,67.45500000000001,61.48589764475823
502,XGBoost,421.366,396.7110603563227
503,XGBoost,8.776000000000016,138.34092097854617
504,XGBoost,243.407,255.27044608679418
505,XGBoost,48.673999999999985,91.39021583729983
506,XGBoost,294.42000000000013,282.01350966936354
507,XGBoost,98.57499999999997,110.99650471210481
508,XGBoost,96.55299999999995,85.37317731690408
509,XGBoost,235.49699999999999,232.547950180918
510,XGBoost,243.95499999999998,241.33495304039124
511,XGBoost,414.287,411.46619330272085
512,XGBoost,108.41799999999999,132.96296291691067
513,XGBoost,196.55399999999992,198.96993408969047
514,XGBoost,59.896000000000015,77.35530115383865
515,XGBoost,51.396,53.755933772861965
516,XGBoost,47.347000000000016,48.84384361147881
517,XGBoost,50.95899999999998,50.659839100480085
518,XGBoost,42.32199999999998,43.492770437479024
519,XGBoost,37.69899999999999,40.43708290749789
520,XGBoost,46.26699999999998,47.75916723304988
521,XGBoost,50.426999999999985,50.659839100480085
522,XGBoost,43.14600000000002,43.492770437479024
523,XGBoost,50.52800000000001,49.233913915038116
524,XGBoost,44.49600000000001,47.04045825213195
525,XGBoost,1.7389999999999912,27.956224184393886
526,XGBoost,0.0,10.14627450245619
527,XGBoost,0.0,10.14627450245619
528,XGBoost,0.0,10.14627450245619
529,XGBoost,0.8129999999999958,10.14627450245619
530,XGBoost,0.0,10.14627450245619
531,XGBoost,0.0,10.14627450245619
532,XGBoost,2.5679999999999787,13.76565535080433
533,XGBoost,54.60699999999999,64.4899816966057
534,XGBoost,56.30900000000001,55.17166596019269
535,XGBoost,42.782999999999994,46.82289361011983
536,XGBoost,41.22999999999998,40.43708290749789
537,XGBoost,37.44299999999999,40.43708290749789
538,XGBoost,55.89699999999999,56.73552726548911
539,XGBoost,78.13299999999994,77.60864390331508
540,XGBoost,72.94699999999997,68.81028508621455
541,XGBoost,49.43499999999999,57.08425549840928
542,XGBoost,41.79299999999999,43.492770437479024
543,XGBoost,52.66200000000001,52.59092197531462
544,XGBoost,425.4189999999998,403.8117263112702
545,XGBoost,148.1860000000001,150.60309770637753
546,XGBoost,43.248999999999995,61.024362338781366
547,XGBoost,63.000000000000014,61.79143675369025
548,XGBoost,31.892999999999986,48.58972555565835
549,XGBoost,5.148000000000015,23.047805326581006
550,XGBoost,0.3950000000000119,10.14627450245619
551,XGBoost,0.0,10.14627450245619
552,XGBoost,0.0,10.14627450245619
553,XGBoost,0.0,10.14627450245619
554,XGBoost,0.0,10.14627450245619
555,XGBoost,6.474999999999987,17.831110984504225
556,XGBoost,22.514000000000024,32.579672354519374
557,XGBoost,53.81400000000001,44.091557769477376
558,XGBoost,54.911,55.17166596019269
559,XGBoost,47.35500000000001,48.00459729719163
560,XGBoost,40.21699999999996,43.492770437479024
561,XGBoost,40.23699999999997,40.43708290749789
562,XGBoost,68.16900000000001,64.7025068473816
563,XGBoost,63.187999999999974,61.937125936985026
564,XGBoost,70.087,67.40784712237121
565,XGBoost,41.505999999999986,57.08425549840928
566,XGBoost,33.589,38.29862838876248
567,XGBoost,92.018,86.40292096054556
568,XGBoost,439.155,415.79820894882835
569,XGBoost,236.939,197.50268963673713
570,XGBoost,37.47700000000001,91.39021583729983
571,XGBoost,42.351000000000006,44.905310186922556
572,XGBoost,37.786999999999985,40.43708290749789
573,XGBoost,23.01200000000001,36.03877001780272
574,XGBoost,19.05600000000001,25.87350050991774
575,XGBoost,17.426000000000002,20.126679053545
576,XGBoost,6.182999999999991,11.727283759832384
577,XGBoost,2.614000000000008,10.14627450245619
578,XGBoost,5.597000000000009,13.76565535080433
579,XGBoost,10.912000000000006,19.477017943501476
580,XGBoost,15.91999999999999,21.873968718588355
581,XGBoost,52.157000000000004,49.06074696278573
582,XGBoost,62.964000000000006,59.382514336526405
583,XGBoost,78.89100000000002,82.31463939595224
584,XGBoost,70.79999999999998,65.2626200746894
585,XGBoost,72.32700000000003,67.19712341868879
586,XGBoost,59.94600000000002,58.84837387174369
587,XGBoost,39.224,50.81011171245576
588,XGBoost,44.50200000000002,44.905310186922556
589,XGBoost,46.18999999999999,46.091870940208445
590,XGBoost,35.729000000000006,38.92482508033515
591,XGBoost,71.00999999999999,67.9011699884534
592,XGBoost,440.237,416.08780012027927
593,XGBoost,194.4950000000001,181.66385372042657
594,XGBoost,38.94,70.74419554889204
595,XGBoost,41.295,40.839854553222665
596,XGBoost,7.999999999999995,27.33002749282122
597,XGBoost,0.0,10.14627450245619
598,XGBoost,0.0,10.14627450245619
599,XGBoost,0.0,10.14627450245619
600,XGBoost,0.0,10.14627450245619
601,XGBoost,0.0,10.14627450245619
602,XGBoost,0.0,10.14627450245619
603,XGBoost,0.0,10.14627450245619
604,XGBoost,0.5000000000000155,10.14627450245619
605,XGBoost,42.373000000000005,51.90762625181676
606,XGBoost,55.541000000000025,56.61088536912204
607,XGBoost,59.589999999999975,55.17166596019269
608,XGBoost,35.97599999999999,50.81011171245576
609,XGBoost,75.248,72.32905853486062
610,XGBoost,81.03500000000001,82.06015649008752
611,XGBoost,68.82900000000002,64.08091638761759
612,XGBoost,51.023999999999965,57.08425549840928
613,XGBoost,44.70099999999998,47.04045825213195
614,XGBoost,40.929000000000016,42.4724900918603
615,XGBoost,233.06800000000004,235.84416510257128
616,XGBoost,448.6879999999999,448.2471025152207
617,XGBoost,281.2430000000001,250.14142977097634
618,XGBoost,44.96100000000004,92.73028724670412
619,XGBoost,53.78699999999998,53.01118362003566
620,XGBoost,3.001999999999997,35.06952307212353
621,XGBoost,0.0,10.14627450245619
622,XGBoost,0.0,10.14627450245619
623,XGBoost,0.0,10.14627450245619
624,XGBoost,0.0,10.14627450245619
625,XGBoost,0.0,10.14627450245619
626,XGBoost,0.0,10.14627450245619
627,XGBoost,0.0,10.14627450245619
628,XGBoost,2.341000000000007,13.76565535080433
629,XGBoost,48.68700000000002,59.90340618407727
630,XGBoost,87.60199999999998,87.17473842602969
631,XGBoost,160.69,153.14110862982275
632,XGBoost,120.11600000000001,125.45692575967314
633,XGBoost,99.41499999999992,102.98239106512071
634,XGBoost,105.07600000000002,98.35073376899959
635,XGBoost,68.99100000000001,66.538341057539
636,XGBoost,58.94600000000003,60.03007755881549
637,XGBoost,45.78700000000002,52.57423008579016
638,XGBoost,50.39699999999999,50.157326573908335
639,XGBoost,153.49499999999995,147.6441410443783
640,XGBoost,453.75899999999984,447.2660720532686
641,XGBoost,259.4689999999998,197.50268963673713
642,XGBoost,53.84499999999998,90.95613549715281
643,XGBoost,51.80500000000002,51.55228511184455
644,XGBoost,36.87599999999997,36.087089845538145
645,XGBoost,1.0049999999999808,26.25187280893326
646,XGBoost,114.00600000000004,159.521925447464
647,XGBoost,0.0,53.39714936059714
648,XGBoost,0.0,10.14627450245619
649,XGBoost,0.1229999999999837,10.14627450245619
650,XGBoost,0.0,10.14627450245619
651,XGBoost,0.0,10.14627450245619
652,XGBoost,2.0080000000000156,13.76565535080433
653,XGBoost,40.33899999999997,47.47973770540953
654,XGBoost,69.78099999999999,64.7025068473816
655,XGBoost,69.39300000000001,63.57774257034065
656,XGBoost,67.23599999999999,63.57774257034065
657,XGBoost,71.92099999999996,65.55650678533317
658,XGBoost,62.13399999999992,60.03007755881549
659,XGBoost,53.21300000000001,53.755933772861965
660,XGBoost,50.23799999999996,51.55228511184455
661,XGBoost,47.00500000000002,47.04045825213195
662,XGBoost,48.152000000000015,50.659839100480085
663,XGBoost,50.768000000000015,50.659839100480085
664,XGBoost,51.793999999999976,50.659839100480085
665,XGBoost,47.03099999999999,48.84384361147881
666,XGBoost,53.53899999999997,54.72527193105222
667,XGBoost,65.77100000000002,65.01351870697738
668,XGBoost,0.4489999999999944,40.82085954779387
669,XGBoost,0.0,10.14627450245619
670,XGBoost,0.0,10.14627450245619
671,XGBoost,0.0,10.14627450245619
672,XGBoost,0.0,10.14627450245619
673,XGBoost,0.0,10.14627450245619
674,XGBoost,0.0,10.14627450245619
675,XGBoost,0.0,10.14627450245619
676,XGBoost,5.647999999999988,17.831110984504225
677,XGBoost,57.56,64.4899816966057
678,XGBoost,76.88499999999999,69.53446681779624
679,XGBoost,88.872,86.52913627272845
680,XGBoost,104.697,106.01976768350603
681,XGBoost,81.283,77.26465872097016
682,XGBoost,61.48900000000005,62.31679801428319
683,XGBoost,68.11,66.29585259687902
684,XGBoost,63.726999999999954,61.937125936985026
685,XGBoost,52.56699999999999,53.755933772861965
686,XGBoost,64.05199999999999,60.99765987616778
687,XGBoost,77.32799999999997,70.76485518264772
688,XGBoost,79.02099999999999,72.42968873769046
689,XGBoost,73.48899999999996,68.81028508621455
690,XGBoost,74.82799999999999,67.19712341868879
691,XGBoost,78.46999999999998,72.42968873769046
692,XGBoost,33.83399999999999,43.360763130843644
693,XGBoost,18.836999999999993,24.022046157240872
694,XGBoost,4.52800000000002,12.681708672463897
695,XGBoost,14.301999999999992,22.330874989628796
696,XGBoost,19.353,19.41212024188042
697,XGBoost,9.201999999999995,13.863412359535696
698,XGBoost,16.252000000000006,20.589012468993666
699,XGBoost,34.194999999999986,31.763730836808687
700,XGBoost,12.765000000000013,25.873363691151145
701,XGBoost,83.99499999999999,90.20319902145864
702,XGBoost,83.60099999999996,68.81028508621455
703,XGBoost,76.04999999999995,65.2626200746894
704,XGBoost,68.23900000000008,65.2626200746894
705,XGBoost,68.149,61.937125936985026
706,XGBoost,48.18899999999999,55.443638865053664
707,XGBoost,73.83000000000003,71.78939971315862
708,XGBoost,72.87899999999999,63.57774257034065
709,XGBoost,50.04600000000002,57.08425549840928
710,XGBoost,45.045000000000016,47.04045825213195
711,XGBoost,44.132000000000005,42.4724900918603
712,XGBoost,45.329000000000015,46.091870940208445
713,XGBoost,41.321000000000026,42.4724900918603
714,XGBoost,43.570000000000014,44.05646375584603
715,XGBoost,40.00599999999998,40.43708290749789
716,XGBoost,38.28899999999999,40.43708290749789
717,XGBoost,35.627,37.22047370487452
718,XGBoost,38.296000000000014,34.576587859213355
719,XGBoost,26.72600000000002,29.775503323793416
720,XGBoost,10.563999999999997,23.047805326581006
721,XGBoost,2.248000000000018,10.14627450245619
722,XGBoost,6.7710000000000035,17.831110984504225
723,XGBoost,16.69199999999999,22.330874989628796
724,XGBoost,33.262000000000015,31.763730836808687
725,XGBoost,59.166000000000025,51.2405891584158
726,XGBoost,67.23899999999999,67.40784712237121
727,XGBoost,67.808,61.937125936985026
728,XGBoost,67.70299999999996,61.937125936985026
729,XGBoost,66.03000000000002,61.937125936985026
730,XGBoost,63.603,57.30362158751488
731,XGBoost,61.362,57.30362158751488
732,XGBoost,45.055,50.81011171245576
733,XGBoost,42.503000000000014,42.4724900918603
734,XGBoost,36.812,40.43708290749789
735,XGBoost,35.81499999999997,37.22047370487452
736,XGBoost,39.46299999999998,40.839854553222665
737,XGBoost,43.72799999999999,44.905310186922556
738,XGBoost,41.182,40.43708290749789
739,XGBoost,35.43700000000001,40.43708290749789
740,XGBoost,68.70399999999997,66.43935267990828
741,XGBoost,64.044,63.57774257034065
742,XGBoost,56.84400000000001,53.755933772861965
743,XGBoost,46.64500000000003,49.184294309020046
744,XGBoost,44.67399999999999,47.04045825213195
745,XGBoost,55.283,53.01118362003566
746,XGBoost,60.701000000000015,60.54451612120868
747,XGBoost,61.37900000000001,57.30362158751488
748,XGBoost,64.26600000000002,60.923002435863026
749,XGBoost,62.890000000000015,57.30362158751488
750,XGBoost,103.47000000000004,102.66661335182191
751,XGBoost,100.31399999999998,90.62838614177706
752,XGBoost,98.90799999999997,87.49956898105145
753,XGBoost,93.84999999999998,87.49956898105145
754,XGBoost,82.83600000000001,81.82551230537892
755,XGBoost,65.71299999999998,62.31679801428319
756,XGBoost,50.23300000000001,50.81011171245576
757,XGBoost,82.98299999999999,76.99781651985647
758,XGBoost,437.848,396.7110603563227
759,XGBoost,434.32400000000007,440.70717991012344
760,XGBoost,450.8330000000001,447.27436669099336
761,XGBoost,253.97699999999983,197.50268963673713
762,XGBoost,64.57,90.95613549715281
763,XGBoost,60.317,57.30362158751488
764,XGBoost,3.7860000000000134,40.82085954779387
765,XGBoost,0.0,10.14627450245619
766,XGBoost,0.0,10.14627450245619
767,XGBoost,0.0,10.14627450245619
768,XGBoost,0.0,10.14627450245619
769,XGBoost,28.66199999999999,37.330042733788495
770,XGBoost,265.41799999999995,256.85145534417035
771,XGBoost,326.823,320.50286341875795
772,XGBoost,411.9080000000001,395.29808734745166
773,XGBoost,311.826,277.0696775541306
774,XGBoost,137.20700000000002,157.787838793397
775,XGBoost,133.74599999999992,119.66625388860705
776,XGBoost,503.299,484.6306216201485
777,XGBoost,255.698,273.9408033855856
778,XGBoost,104.07699999999997,111.18677401018144
779,XGBoost,89.65500000000009,83.86196843361856
780,XGBoost,71.53200000000001,70.257668014884
781,XGBoost,52.24699999999999,57.08425549840928
782,XGBoost,40.631000000000014,44.11445210975409
783,XGBoost,52.61299999999998,52.59092197531462
784,XGBoost,44.596999999999994,45.29615579682589
785,XGBoost,181.94700000000006,193.5365188213289
786,XGBoost,51.89800000000001,67.19913009393217
787,XGBoost,77.64600000000004,73.59278507250549
788,XGBoost,7.3970000000000065,43.360763130843644
789,XGBoost,50.02699999999998,51.90762625181676
790,XGBoost,0.0,32.52419234466553
791,XGBoost,0.0,10.14627450245619
792,XGBoost,0.0,10.14627450245619
793,XGBoost,0.0,10.14627450245619
794,XGBoost,0.0,10.14627450245619
795,XGBoost,5.247999999999984,17.831110984504225
796,XGBoost,358.34600000000006,378.38255614743014
797,XGBoost,484.7570000000001,447.8796757175327
798,XGBoost,445.101,421.4101812587679
799,XGBoost,108.05000000000007,138.56808573734762
800,XGBoost,122.14099999999999,115.23387312602999
801,XGBoost,118.50700000000002,111.51292714661362
802,XGBoost,118.74400000000003,113.10784631192686
803,XGBoost,112.25300000000004,109.47587813705208
804,XGBoost,106.56499999999996,94.05248100394012
805,XGBoost,70.18599999999999,66.538341057539
806,XGBoost,52.91400000000003,57.08425549840928
807,XGBoost,52.80799999999997,51.55228511184455
808,XGBoost,48.592,48.84384361147881
809,XGBoost,57.596000000000004,57.579128977179536
810,XGBoost,52.137000000000036,52.73198212367297
811,XGBoost,62.62500000000001,59.382514336526405
812,XGBoost,75.79000000000002,70.76485518264772
813,XGBoost,76.676,64.19294815433027
814,XGBoost,98.76999999999997,104.93584380829336
815,XGBoost,88.94300000000003,77.688637275517
816,XGBoost,66.205,63.994424124002464
817,XGBoost,63.90400000000001,51.04035489350558
818,XGBoost,75.46700000000003,66.14749544763566
819,XGBoost,293.076,274.19717895105487
820,XGBoost,445.29800000000006,452.44263289047785
821,XGBoost,165.17100000000005,157.8880813430548
822,XGBoost,283.8280000000001,271.86895680305366
823,XGBoost,208.293,209.95296936550739
824,XGBoost,236.235,235.98157675048714
825,XGBoost,155.616,165.8827439220548
826,XGBoost,122.82300000000005,117.05265059661868
827,XGBoost,77.67099999999995,78.84578199398518
828,XGBoost,67.35099999999998,65.2626200746894
829,XGBoost,63.67100000000003,61.937125936985026
830,XGBoost,44.71499999999999,50.81011171245576
831,XGBoost,47.52299999999997,46.091870940208445
832,XGBoost,42.68300000000003,47.04045825213195
833,XGBoost,41.68799999999999,40.43708290749789
834,XGBoost,45.29399999999999,44.05646375584603
835,XGBoost,61.577000000000005,61.98754365247489
836,XGBoost,112.72500000000001,106.76657011783125
837,XGBoost,111.49899999999998,96.08953001350166
838,XGBoost,88.85599999999997,80.5053936327696
839,XGBoost,38.97500000000002,42.420156913638124
840,XGBoost,44.076000000000036,42.68490122699738
841,XGBoost,15.186999999999994,33.758594060003766
842,XGBoost,26.45600000000002,30.14436671853066
843,XGBoost,26.878999999999998,32.25689408099652
844,XGBoost,141.05800000000002,163.23904050141576
845,XGBoost,521.5559999999998,485.605774575919
846,XGBoost,508.86700000000013,478.06385669714217
847,XGBoost,498.9159999999998,478.06385669714217
848,XGBoost,232.639,232.49356472119692
849,XGBoost,93.97400000000007,105.54733248245718
850,XGBoost,103.42199999999998,99.07819915097953
851,XGBoost,54.170000000000016,58.992261607944975
852,XGBoost,50.431000000000004,51.55228511184455
853,XGBoost,47.878,47.04045825213195
854,XGBoost,62.004999999999974,62.53552561581136
855,XGBoost,68.832,67.40784712237121
856,XGBoost,65.635,63.57774257034065
857,XGBoost,63.358000000000004,57.30362158751488
858,XGBoost,64.485,60.923002435863026
859,XGBoost,63.39200000000002,57.30362158751488
860,XGBoost,56.77000000000002,52.9447581088543
861,XGBoost,30.859000000000027,39.975228357732306
862,XGBoost,4.779999999999995,23.047805326581006
863,XGBoost,8.691999999999995,13.76565535080433
864,XGBoost,201.9960000000001,231.8271205091179
865,XGBoost,183.48799999999997,183.53003889364007
866,XGBoost,143.07100000000003,151.2968828686476
867,XGBoost,212.11200000000005,212.85220463588837
868,XGBoost,76.96199999999999,98.67622561472656
869,XGBoost,269.002,250.7538761765063
870,XGBoost,202.80799999999996,202.96271615520124
871,XGBoost,129.382,137.54819304490093
872,XGBoost,114.78299999999994,107.72338935887815
873,XGBoost,98.353,91.97502485197784
874,XGBoost,118.97899999999994,121.49698019814493
875,XGBoost,108.87399999999997,105.92821312552692
